turbine_id,timestamp,region,wind_speed_ms,wind_direction_deg,ambient_temp_c,gearbox_temp_c,rotor_rpm,rated_power_kw,power_kw,status
WT-001,2026-01-05 00:00:00,Yucatan,5.29,308,19.5,38.7,6.38,2000,186.7,OK
WT-001,2026-01-05 01:00:00,Yucatan,8.81,253,26.9,56.5,10.07,2000,673.4,OK
WT-001,2026-01-05 02:00:00,Yucatan,6.89,225,36.2,69.4,9.03,2000,235.3,OK
WT-001,2026-01-05 03:00:00,Yucatan,8.08,9,26.9,51.0,9.66,2000,625.5,OK
WT-001,2026-01-05 04:00:00,Yucatan,10.23,259,32.3,66.6,13.16,2000,1215.6,OK
WT-001,2026-01-05 05:00:00,Yucatan,8.28,290,34.6,62.5,9.19,2000,620.3,OK
WT-001,2026-01-05 06:00:00,Yucatan,10.24,48,23.3,63.4,12.09,2000,1226.2,OK
WT-001,2026-01-05 07:00:00,Yucatan,9.07,312,25.5,59.1,11.32,2000,875.0,OK
WT-001,2026-01-05 08:00:00,Yucatan,10.55,181,35.9,72.8,13.36,2000,1436.6,OK
WT-001,2026-01-05 09:00:00,Yucatan,4.49,163,27.5,49.1,4.79,2000,82.3,OK
WT-001,2026-01-05 10:00:00,Yucatan,5.11,60,18.9,34.0,5.75,2000,124.8,OK
WT-001,2026-01-05 11:00:00,Yucatan,3.97,57,26.1,45.7,4.9,2000,121.3,OK
WT-001,2026-01-05 12:00:00,Yucatan,8.35,46,27.5,59.7,9.92,2000,644.9,OK
WT-001,2026-01-05 13:00:00,Yucatan,6.42,148,28.2,55.1,8.71,2000,344.7,OK
WT-001,2026-01-05 14:00:00,Yucatan,9.19,86,26.0,51.6,10.76,2000,973.9,OK
WT-001,2026-01-05 15:00:00,Yucatan,7.76,355,29.7,55.2,8.0,2000,558.0,OK
WT-001,2026-01-05 16:00:00,Yucatan,7.31,207,26.4,55.3,8.73,2000,396.8,OK
WT-001,2026-01-05 17:00:00,Yucatan,12.16,324,34.4,78.6,14.48,2000,2000.0,WARN
WT-001,2026-01-05 18:00:00,Yucatan,8.46,205,30.5,63.9,11.27,2000,650.6,OK
WT-001,2026-01-05 19:00:00,Yucatan,6.94,124,31.6,53.2,8.39,2000,384.7,OK
WT-001,2026-01-05 20:00:00,Yucatan,4.64,254,29.3,52.7,5.51,2000,126.0,OK
WT-001,2026-01-05 21:00:00,Yucatan,9.86,126,25.6,62.1,10.53,2000,1039.6,OK
WT-001,2026-01-05 22:00:00,Yucatan,9.29,109,32.8,66.0,11.99,2000,940.1,OK
WT-001,2026-01-05 23:00:00,Yucatan,4.39,279,27.7,43.9,5.89,2000,46.3,OK
WT-001,2026-01-06 00:00:00,Yucatan,6.65,43,35.5,64.9,6.54,2000,315.4,OK
WT-001,2026-01-06 01:00:00,Yucatan,7.57,54,33.6,59.5,9.28,2000,488.2,OK
WT-001,2026-01-06 02:00:00,Yucatan,3.07,50,27.6,49.1,3.49,2000,68.8,OK
WT-001,2026-01-06 03:00:00,Yucatan,6.33,343,28.5,54.2,7.84,2000,242.1,OK
WT-001,2026-01-06 04:00:00,Yucatan,10.36,348,21.7,57.2,13.38,2000,1274.3,OK
WT-001,2026-01-06 05:00:00,Yucatan,3.12,245,24.6,45.8,3.68,2000,137.3,OK
WT-001,2026-01-06 06:00:00,Yucatan,8.18,221,23.6,50.5,9.15,2000,659.1,OK
WT-001,2026-01-06 07:00:00,Yucatan,11.54,175,41.0,82.7,14.48,2000,1707.4,OK
WT-001,2026-01-06 08:00:00,Yucatan,5.51,117,28.3,50.1,6.26,2000,212.6,OK
WT-001,2026-01-06 09:00:00,Yucatan,5.91,82,25.0,51.8,7.68,2000,272.6,OK
WT-001,2026-01-06 10:00:00,Yucatan,7.52,42,30.2,59.3,8.45,2000,481.3,OK
WT-001,2026-01-06 11:00:00,Yucatan,8.23,143,25.6,56.7,9.64,2000,581.2,OK
WT-001,2026-01-06 12:00:00,Yucatan,7.95,19,25.4,58.8,9.82,2000,588.5,OK
WT-001,2026-01-06 13:00:00,Yucatan,3.37,36,25.1,41.6,4.22,2000,94.4,OK
WT-001,2026-01-06 14:00:00,Yucatan,5.17,41,34.3,57.0,6.37,2000,175.7,OK
WT-001,2026-01-06 15:00:00,Yucatan,7.24,266,30.8,58.2,8.16,2000,343.2,OK
WT-001,2026-01-06 16:00:00,Yucatan,6.24,267,30.1,59.9,6.44,2000,346.6,OK
WT-001,2026-01-06 17:00:00,Yucatan,9.73,297,37.3,71.0,10.05,2000,1090.7,OK
WT-001,2026-01-06 18:00:00,Yucatan,6.23,174,29.6,55.0,7.79,2000,294.2,OK
WT-001,2026-01-06 19:00:00,Yucatan,6.11,14,28.4,53.2,6.7,2000,303.5,OK
WT-001,2026-01-06 20:00:00,Yucatan,11.44,23,31.7,77.6,15.47,2000,1644.0,OK
WT-001,2026-01-06 21:00:00,Yucatan,6.8,122,29.4,52.5,8.77,2000,380.9,OK
WT-001,2026-01-06 22:00:00,Yucatan,4.65,224,30.2,52.4,5.44,2000,157.9,OK
WT-001,2026-01-06 23:00:00,Yucatan,6.99,230,26.5,55.3,7.92,2000,372.2,OK
WT-001,2026-01-07 00:00:00,Yucatan,6.44,312,25.4,52.6,8.8,2000,336.7,OK
WT-001,2026-01-07 01:00:00,Yucatan,8.71,303,30.6,62.9,11.36,2000,674.8,OK
WT-001,2026-01-07 02:00:00,Yucatan,8.09,202,25.7,59.3,9.33,2000,687.9,OK
WT-001,2026-01-07 03:00:00,Yucatan,6.2,89,25.9,52.3,7.35,2000,310.9,OK
WT-001,2026-01-07 04:00:00,Yucatan,6.08,166,28.4,51.9,6.27,2000,221.1,OK
WT-001,2026-01-07 05:00:00,Yucatan,5.73,100,25.6,51.4,7.33,2000,217.6,OK
WT-001,2026-01-07 06:00:00,Yucatan,10.24,88,31.1,63.8,11.95,2000,1187.1,OK
WT-001,2026-01-07 07:00:00,Yucatan,11.84,141,33.5,84.9,15.64,2000,1912.5,OK
WT-001,2026-01-07 08:00:00,Yucatan,6.86,211,27.2,55.2,7.01,2000,272.8,OK
WT-001,2026-01-07 09:00:00,Yucatan,8.36,75,19.0,46.6,10.51,2000,553.0,OK
WT-001,2026-01-07 10:00:00,Yucatan,7.86,36,29.6,58.4,9.64,2000,523.9,OK
WT-001,2026-01-07 11:00:00,Yucatan,5.77,25,17.9,37.2,7.14,2000,98.0,OK
WT-001,2026-01-07 12:00:00,Yucatan,5.74,22,36.5,60.6,6.76,2000,228.8,OK
WT-001,2026-01-07 13:00:00,Yucatan,5.84,154,34.3,59.1,7.28,2000,302.4,OK
WT-001,2026-01-07 14:00:00,Yucatan,2.38,318,29.8,48.2,2.83,2000,15.0,OK
WT-001,2026-01-07 15:00:00,Yucatan,5.18,211,29.5,51.7,6.26,2000,77.4,OK
WT-001,2026-01-07 16:00:00,Yucatan,8.09,131,22.6,57.2,9.78,2000,640.0,OK
WT-001,2026-01-07 17:00:00,Yucatan,9.21,312,23.5,59.8,9.78,2000,1048.1,OK
WT-001,2026-01-07 18:00:00,Yucatan,6.5,74,22.4,46.7,8.15,2000,376.1,OK
WT-001,2026-01-07 19:00:00,Yucatan,6.1,109,25.7,45.9,7.67,2000,405.5,OK
WT-001,2026-01-07 20:00:00,Yucatan,8.54,17,32.2,67.9,10.21,2000,743.5,OK
WT-001,2026-01-07 21:00:00,Yucatan,11.93,53,23.4,65.8,13.65,2000,1845.3,OK
WT-001,2026-01-07 22:00:00,Yucatan,4.77,169,33.4,54.4,5.78,2000,211.7,OK
WT-001,2026-01-07 23:00:00,Yucatan,5.14,6,31.9,56.2,6.13,2000,237.1,OK
WT-001,2026-01-08 00:00:00,Yucatan,5.95,92,37.6,53.1,7.24,2000,215.9,OK
WT-001,2026-01-08 01:00:00,Yucatan,8.32,32,26.8,52.3,11.12,2000,636.8,OK
WT-001,2026-01-08 02:00:00,Yucatan,4.95,175,27.2,49.6,5.26,2000,128.5,OK
WT-001,2026-01-08 03:00:00,Yucatan,8.12,243,30.1,57.4,10.81,2000,579.3,OK
WT-001,2026-01-08 04:00:00,Yucatan,5.27,311,26.8,53.1,6.58,2000,212.9,OK
WT-001,2026-01-08 05:00:00,Yucatan,8.35,293,35.5,64.2,10.76,2000,686.6,OK
WT-001,2026-01-08 06:00:00,Yucatan,6.24,180,32.7,58.3,6.96,2000,245.6,OK
WT-001,2026-01-08 07:00:00,Yucatan,5.97,145,19.8,48.5,7.27,2000,343.4,OK
WT-001,2026-01-08 08:00:00,Yucatan,8.96,152,19.4,49.9,10.25,2000,886.8,OK
WT-001,2026-01-08 09:00:00,Yucatan,4.15,54,29.8,53.8,4.54,2000,131.3,OK
WT-001,2026-01-08 10:00:00,Yucatan,5.16,121,33.4,52.2,5.87,2000,174.3,OK
WT-001,2026-01-08 11:00:00,Yucatan,8.75,120,29.4,64.2,10.3,2000,684.6,OK
WT-001,2026-01-08 12:00:00,Yucatan,8.84,110,24.6,55.5,10.53,2000,802.7,OK
WT-001,2026-01-08 13:00:00,Yucatan,7.5,194,25.9,56.1,9.32,2000,479.9,OK
WT-001,2026-01-08 14:00:00,Yucatan,1.75,303,30.4,47.0,2.2,2000,81.9,OK
WT-001,2026-01-08 15:00:00,Yucatan,8.73,269,22.2,55.1,10.61,2000,681.5,OK
WT-001,2026-01-08 16:00:00,Yucatan,7.84,353,33.3,60.2,8.17,2000,642.1,OK
WT-001,2026-01-08 17:00:00,Yucatan,6.19,61,34.6,58.0,7.29,2000,267.9,OK
WT-001,2026-01-08 18:00:00,Yucatan,2.33,359,30.5,52.8,2.87,2000,136.8,OK
WT-001,2026-01-08 19:00:00,Yucatan,8.99,344,32.0,66.6,11.0,2000,791.7,OK
WT-001,2026-01-08 20:00:00,Yucatan,11.2,11,27.9,73.8,14.42,2000,1651.2,OK
WT-001,2026-01-08 21:00:00,Yucatan,8.2,13,27.8,57.2,9.82,2000,661.4,OK
WT-001,2026-01-08 22:00:00,Yucatan,10.19,342,26.9,58.3,12.11,2000,1171.6,OK
WT-001,2026-01-08 23:00:00,Yucatan,5.42,255,31.5,53.4,6.88,2000,182.5,OK
WT-001,2026-01-09 00:00:00,Yucatan,7.44,301,28.3,52.1,8.55,2000,515.8,OK
WT-001,2026-01-09 01:00:00,Yucatan,5.44,79,28.4,54.2,6.13,2000,195.1,OK
WT-001,2026-01-09 02:00:00,Yucatan,4.31,266,23.6,46.4,5.38,2000,90.3,OK
WT-001,2026-01-09 03:00:00,Yucatan,6.17,72,28.3,53.6,7.4,2000,272.4,OK
WT-001,2026-01-09 04:00:00,Yucatan,4.81,73,22.6,42.2,5.63,2000,158.1,OK
WT-001,2026-01-09 05:00:00,Yucatan,5.21,182,32.3,56.2,5.73,2000,181.8,OK
WT-001,2026-01-09 06:00:00,Yucatan,5.15,274,33.7,57.7,6.12,2000,182.0,OK
WT-001,2026-01-09 07:00:00,Yucatan,6.01,72,30.7,54.1,6.87,2000,177.3,OK
WT-001,2026-01-09 08:00:00,Yucatan,6.3,270,25.6,49.6,7.15,2000,348.5,OK
WT-001,2026-01-09 09:00:00,Yucatan,7.3,66,24.2,57.4,9.52,2000,426.8,OK
WT-001,2026-01-09 10:00:00,Yucatan,4.01,307,26.4,47.2,4.72,2000,76.8,OK
WT-001,2026-01-09 11:00:00,Yucatan,7.76,307,30.9,54.9,10.26,2000,508.8,OK
WT-001,2026-01-09 12:00:00,Yucatan,2.64,236,28.5,46.7,3.23,2000,0.0,OK
WT-001,2026-01-09 13:00:00,Yucatan,7.13,146,29.9,54.5,9.55,2000,419.3,OK
WT-001,2026-01-09 14:00:00,Yucatan,7.19,344,27.4,51.8,9.11,2000,365.8,OK
WT-001,2026-01-09 15:00:00,Yucatan,1.43,309,34.2,48.9,1.72,2000,0.0,OK
WT-001,2026-01-09 16:00:00,Yucatan,6.18,73,28.7,51.6,7.59,2000,287.0,OK
WT-001,2026-01-09 17:00:00,Yucatan,9.62,284,30.1,62.0,10.97,2000,1036.7,OK
WT-001,2026-01-09 18:00:00,Yucatan,8.08,345,31.9,60.5,9.46,2000,565.0,OK
WT-001,2026-01-09 19:00:00,Yucatan,5.81,174,26.5,49.6,7.02,2000,294.5,OK
WT-001,2026-01-09 20:00:00,Yucatan,5.69,90,33.2,52.7,6.95,2000,204.0,OK
WT-001,2026-01-09 21:00:00,Yucatan,7.7,197,33.0,66.3,8.86,2000,584.9,OK
WT-001,2026-01-09 22:00:00,Yucatan,7.37,343,25.1,53.2,8.63,2000,339.3,OK
WT-001,2026-01-09 23:00:00,Yucatan,8.96,78,25.3,62.0,9.81,2000,883.1,OK
WT-001,2026-01-10 00:00:00,Yucatan,7.35,167,32.6,59.6,8.71,2000,440.2,OK
WT-001,2026-01-10 01:00:00,Yucatan,9.17,338,20.1,52.3,11.55,2000,819.1,OK
WT-001,2026-01-10 02:00:00,Yucatan,7.96,84,30.1,57.0,8.76,2000,484.7,OK
WT-001,2026-01-10 03:00:00,Yucatan,5.16,191,26.2,46.9,6.37,2000,124.7,OK
WT-001,2026-01-10 04:00:00,Yucatan,4.56,310,35.5,51.5,6.02,2000,206.8,OK
WT-001,2026-01-10 05:00:00,Yucatan,5.74,148,26.6,50.3,6.18,2000,233.0,OK
WT-001,2026-01-10 06:00:00,Yucatan,7.98,261,24.9,58.4,10.16,2000,552.3,OK
WT-001,2026-01-10 07:00:00,Yucatan,4.92,132,27.4,51.5,5.41,2000,53.9,OK
WT-001,2026-01-10 08:00:00,Yucatan,9.14,1,21.6,55.3,11.11,2000,913.4,OK
WT-001,2026-01-10 09:00:00,Yucatan,3.31,177,17.7,32.8,3.71,2000,76.7,OK
WT-001,2026-01-10 10:00:00,Yucatan,6.37,358,29.6,54.4,6.9,2000,249.8,OK
WT-001,2026-01-10 11:00:00,Yucatan,4.76,271,31.4,52.1,6.16,2000,182.2,OK
WT-001,2026-01-10 12:00:00,Yucatan,7.75,268,30.9,56.5,9.31,2000,520.9,OK
WT-001,2026-01-10 13:00:00,Yucatan,7.33,86,37.7,62.6,8.3,2000,492.9,OK
WT-001,2026-01-10 14:00:00,Yucatan,6.64,280,24.8,52.7,7.99,2000,366.5,OK
WT-001,2026-01-10 15:00:00,Yucatan,4.03,344,25.3,42.2,4.74,2000,67.7,OK
WT-001,2026-01-10 16:00:00,Yucatan,4.88,122,27.0,49.3,5.31,2000,150.7,OK
WT-001,2026-01-10 17:00:00,Yucatan,5.41,19,29.2,50.2,6.69,2000,244.2,OK
WT-001,2026-01-10 18:00:00,Yucatan,9.38,16,33.0,66.0,10.97,2000,917.3,OK
WT-001,2026-01-10 19:00:00,Yucatan,5.45,166,28.6,53.7,7.1,2000,211.9,OK
WT-001,2026-01-10 20:00:00,Yucatan,8.2,190,25.7,50.4,8.41,2000,526.0,OK
WT-001,2026-01-10 21:00:00,Yucatan,9.21,313,23.4,56.8,11.62,2000,888.2,OK
WT-001,2026-01-10 22:00:00,Yucatan,4.97,201,28.9,49.2,6.67,2000,162.2,OK
WT-001,2026-01-10 23:00:00,Yucatan,5.76,223,26.1,47.4,7.03,2000,281.3,OK
WT-001,2026-01-11 00:00:00,Yucatan,1.7,248,28.5,45.1,2.22,2000,40.4,OK
WT-001,2026-01-11 01:00:00,Yucatan,6.03,258,25.4,49.0,6.96,2000,123.3,OK
WT-001,2026-01-11 02:00:00,Yucatan,8.71,324,20.0,55.2,10.72,2000,728.5,OK
WT-001,2026-01-11 03:00:00,Yucatan,4.73,171,26.9,50.6,6.08,2000,105.1,OK
WT-001,2026-01-11 04:00:00,Yucatan,7.84,24,26.7,57.4,8.9,2000,536.9,OK
WT-001,2026-01-11 05:00:00,Yucatan,8.89,134,29.1,63.4,10.68,2000,831.6,OK
WT-002,2026-01-06 00:00:00,Oaxaca,6.04,26,32.5,57.0,7.45,2000,232.9,OK
WT-002,2026-01-06 01:00:00,Oaxaca,8.19,116,19.4,46.2,10.15,2000,610.7,OK
WT-002,2026-01-06 02:00:00,Oaxaca,6.73,101,31.2,57.6,8.4,2000,331.0,OK
WT-002,2026-01-06 03:00:00,Oaxaca,8.94,131,28.4,63.3,10.04,2000,818.7,OK
WT-002,2026-01-06 04:00:00,Oaxaca,5.8,206,23.5,40.0,7.46,2000,252.4,OK
WT-002,2026-01-06 05:00:00,Oaxaca,4.36,152,19.7,38.7,5.73,2000,88.6,OK
WT-002,2026-01-06 06:00:00,Oaxaca,12.26,260,16.9,57.8,17.2,2000,2000.0,WARN
WT-002,2026-01-06 07:00:00,Oaxaca,9.46,123,20.3,55.0,11.26,2000,1098.7,OK
WT-002,2026-01-06 08:00:00,Oaxaca,6.22,23,27.0,52.7,7.08,2000,253.7,OK
WT-002,2026-01-06 09:00:00,Oaxaca,5.49,275,24.5,46.1,6.0,2000,107.7,OK
WT-002,2026-01-06 10:00:00,Oaxaca,5.04,34,20.6,42.8,5.87,2000,92.2,OK
WT-002,2026-01-06 11:00:00,Oaxaca,5.11,196,24.9,46.4,6.19,2000,173.1,OK
WT-002,2026-01-06 12:00:00,Oaxaca,5.95,343,33.2,58.0,6.62,2000,298.0,OK
WT-002,2026-01-06 13:00:00,Oaxaca,7.77,40,21.1,44.9,9.23,2000,651.3,OK
WT-002,2026-01-06 14:00:00,Oaxaca,5.84,230,17.5,44.8,6.77,2000,93.4,OK
WT-002,2026-01-06 15:00:00,Oaxaca,10.33,324,25.5,64.7,12.89,2000,1282.8,OK
WT-002,2026-01-06 16:00:00,Oaxaca,11.04,254,23.0,60.0,13.09,2000,1492.3,OK
WT-002,2026-01-06 17:00:00,Oaxaca,7.43,67,20.9,48.4,7.81,2000,527.0,OK
WT-002,2026-01-06 18:00:00,Oaxaca,6.09,347,17.7,37.6,7.57,2000,231.6,OK
WT-002,2026-01-06 19:00:00,Oaxaca,5.85,64,32.2,57.7,7.36,2000,186.2,OK
WT-002,2026-01-06 20:00:00,Oaxaca,4.66,336,23.3,45.9,6.25,2000,132.1,OK
WT-002,2026-01-06 21:00:00,Oaxaca,10.55,65,32.6,68.6,13.04,2000,1412.7,OK
WT-002,2026-01-06 22:00:00,Oaxaca,5.49,101,26.9,53.5,6.79,2000,183.1,OK
WT-002,2026-01-06 23:00:00,Oaxaca,6.92,16,27.2,57.2,8.07,2000,314.3,OK
WT-002,2026-01-07 00:00:00,Oaxaca,8.45,63,31.1,63.2,10.56,2000,613.2,OK
WT-002,2026-01-07 01:00:00,Oaxaca,6.56,228,28.0,57.5,7.39,2000,244.4,OK
WT-002,2026-01-07 02:00:00,Oaxaca,12.08,71,26.0,71.9,14.88,2000,2000.0,WARN
WT-002,2026-01-07 03:00:00,Oaxaca,10.9,204,23.3,57.9,13.64,2000,1488.5,OK
WT-002,2026-01-07 04:00:00,Oaxaca,8.35,286,20.3,47.7,10.83,2000,650.2,OK
WT-002,2026-01-07 05:00:00,Oaxaca,7.41,207,23.9,49.7,9.14,2000,488.2,OK
WT-002,2026-01-07 06:00:00,Oaxaca,6.42,149,22.0,48.3,8.11,2000,201.2,OK
WT-002,2026-01-07 07:00:00,Oaxaca,6.42,94,16.4,40.2,7.45,2000,278.5,OK
WT-002,2026-01-07 08:00:00,Oaxaca,10.84,20,20.9,59.8,14.09,2000,1455.0,OK
WT-002,2026-01-07 09:00:00,Oaxaca,8.48,331,20.6,54.6,10.04,2000,699.7,OK
WT-002,2026-01-07 10:00:00,Oaxaca,4.02,323,27.8,52.0,4.86,2000,50.3,OK
WT-002,2026-01-07 11:00:00,Oaxaca,7.7,1,30.5,61.2,9.38,2000,480.0,OK
WT-002,2026-01-07 12:00:00,Oaxaca,10.71,0,23.6,66.3,13.38,2000,1380.2,OK
WT-002,2026-01-07 13:00:00,Oaxaca,11.48,274,31.1,72.3,12.06,2000,1736.7,OK
WT-002,2026-01-07 14:00:00,Oaxaca,5.57,300,21.4,44.0,7.28,2000,198.7,OK
WT-002,2026-01-07 15:00:00,Oaxaca,6.79,359,20.1,42.7,9.56,2000,267.1,OK
WT-002,2026-01-07 16:00:00,Oaxaca,5.11,259,29.0,51.3,6.29,2000,261.6,OK
WT-002,2026-01-07 17:00:00,Oaxaca,6.44,4,26.1,50.0,7.95,2000,279.4,OK
WT-002,2026-01-07 18:00:00,Oaxaca,6.71,34,23.1,53.0,7.46,2000,402.5,OK
WT-002,2026-01-07 19:00:00,Oaxaca,3.52,165,23.1,39.4,3.97,2000,11.3,OK
WT-002,2026-01-07 20:00:00,Oaxaca,5.87,110,19.1,42.6,7.88,2000,274.3,OK
WT-002,2026-01-07 21:00:00,Oaxaca,5.86,138,22.8,50.1,7.52,2000,299.0,OK
WT-002,2026-01-07 22:00:00,Oaxaca,3.25,136,25.8,45.9,3.66,2000,68.1,OK
WT-002,2026-01-07 23:00:00,Oaxaca,8.43,196,25.2,55.9,9.66,2000,703.2,OK
WT-002,2026-01-08 00:00:00,Oaxaca,8.62,53,26.0,54.8,8.95,2000,712.8,OK
WT-002,2026-01-08 01:00:00,Oaxaca,8.22,80,14.9,41.2,9.83,2000,669.7,OK
WT-002,2026-01-08 02:00:00,Oaxaca,11.05,229,29.3,67.8,13.79,2000,1639.3,OK
WT-002,2026-01-08 03:00:00,Oaxaca,9.58,101,16.7,55.8,10.98,2000,888.2,OK
WT-002,2026-01-08 04:00:00,Oaxaca,5.26,68,26.3,45.6,6.45,2000,123.8,OK
WT-002,2026-01-08 05:00:00,Oaxaca,12.53,257,20.3,63.5,16.63,2000,2000.0,WARN
WT-002,2026-01-08 06:00:00,Oaxaca,2.39,173,23.1,48.9,2.83,2000,120.3,OK
WT-002,2026-01-08 07:00:00,Oaxaca,4.42,46,25.6,47.1,5.63,2000,137.3,OK
WT-002,2026-01-08 08:00:00,Oaxaca,5.52,292,33.3,58.3,7.24,2000,146.5,OK
WT-002,2026-01-08 09:00:00,Oaxaca,6.21,253,27.8,48.7,7.78,2000,262.2,OK
WT-002,2026-01-08 10:00:00,Oaxaca,3.49,347,24.6,47.2,3.92,2000,8.6,OK
WT-002,2026-01-08 11:00:00,Oaxaca,10.25,188,21.4,58.2,13.4,2000,1206.2,OK
WT-002,2026-01-08 12:00:00,Oaxaca,8.96,302,25.4,55.6,12.27,2000,838.7,OK
WT-002,2026-01-08 13:00:00,Oaxaca,4.77,160,27.1,48.2,5.88,2000,227.3,OK
WT-002,2026-01-08 14:00:00,Oaxaca,12.56,299,26.7,75.6,16.03,2000,2000.0,WARN
WT-002,2026-01-08 15:00:00,Oaxaca,6.03,276,23.4,47.5,6.81,2000,292.5,OK
WT-002,2026-01-08 16:00:00,Oaxaca,9.02,337,15.7,44.9,11.07,2000,922.9,OK
WT-002,2026-01-08 17:00:00,Oaxaca,7.3,93,23.7,47.6,8.18,2000,468.3,OK
WT-002,2026-01-08 18:00:00,Oaxaca,7.5,109,21.9,50.6,9.66,2000,430.8,OK
WT-002,2026-01-08 19:00:00,Oaxaca,4.68,273,26.3,47.3,5.54,2000,79.4,OK
WT-002,2026-01-08 20:00:00,Oaxaca,4.84,18,29.0,43.6,5.81,2000,163.0,OK
WT-002,2026-01-08 21:00:00,Oaxaca,8.92,296,21.4,52.3,10.48,2000,724.5,OK
WT-002,2026-01-08 22:00:00,Oaxaca,6.87,124,17.2,44.2,7.86,2000,476.1,OK
WT-002,2026-01-08 23:00:00,Oaxaca,6.54,169,26.6,48.6,7.31,2000,283.0,OK
WT-002,2026-01-09 00:00:00,Oaxaca,8.37,194,30.8,63.0,10.66,2000,768.3,OK
WT-002,2026-01-09 01:00:00,Oaxaca,4.2,66,27.7,45.1,4.85,2000,219.6,OK
WT-002,2026-01-09 02:00:00,Oaxaca,6.9,301,19.1,47.3,9.25,2000,400.3,OK
WT-002,2026-01-09 03:00:00,Oaxaca,8.7,258,27.9,56.9,11.05,2000,750.5,OK
WT-002,2026-01-09 04:00:00,Oaxaca,5.5,310,13.3,42.9,6.61,2000,187.0,OK
WT-002,2026-01-09 05:00:00,Oaxaca,9.72,61,30.8,65.6,11.12,2000,1123.0,OK
WT-002,2026-01-09 06:00:00,Oaxaca,7.79,41,19.8,46.8,8.42,2000,496.7,OK
WT-002,2026-01-09 07:00:00,Oaxaca,10.76,336,22.1,61.5,12.51,2000,1509.8,OK
WT-002,2026-01-09 08:00:00,Oaxaca,7.91,189,24.7,49.7,9.31,2000,653.3,OK
WT-002,2026-01-09 09:00:00,Oaxaca,7.04,149,19.2,48.2,8.2,2000,379.5,OK
WT-002,2026-01-09 10:00:00,Oaxaca,5.29,325,27.3,50.4,6.07,2000,147.9,OK
WT-002,2026-01-09 11:00:00,Oaxaca,7.24,237,18.5,42.6,8.19,2000,359.5,OK
WT-002,2026-01-09 12:00:00,Oaxaca,8.0,63,30.0,61.3,10.85,2000,510.6,OK
WT-002,2026-01-09 13:00:00,Oaxaca,8.8,15,27.7,58.4,10.08,2000,749.0,OK
WT-002,2026-01-09 14:00:00,Oaxaca,4.52,296,26.3,47.2,5.34,2000,50.2,OK
WT-002,2026-01-09 15:00:00,Oaxaca,9.57,156,31.9,70.0,11.09,2000,1067.7,OK
WT-002,2026-01-09 16:00:00,Oaxaca,2.71,168,25.7,45.6,3.15,2000,0.0,OK
WT-002,2026-01-09 17:00:00,Oaxaca,10.23,256,28.0,62.8,11.51,2000,1252.7,OK
WT-002,2026-01-09 18:00:00,Oaxaca,7.28,144,18.0,44.7,9.05,2000,278.9,OK
WT-002,2026-01-09 19:00:00,Oaxaca,6.01,67,22.7,46.6,7.2,2000,239.6,OK
WT-002,2026-01-09 20:00:00,Oaxaca,5.21,23,23.7,43.3,6.15,2000,143.4,OK
WT-002,2026-01-09 21:00:00,Oaxaca,11.39,90,21.3,57.9,13.65,2000,1789.8,OK
WT-002,2026-01-09 22:00:00,Oaxaca,4.13,252,34.1,56.3,4.38,2000,142.6,OK
WT-002,2026-01-09 23:00:00,Oaxaca,8.41,189,30.3,64.4,8.99,2000,727.3,OK
WT-002,2026-01-10 00:00:00,Oaxaca,8.67,39,26.8,58.2,9.88,2000,773.6,OK
WT-002,2026-01-10 01:00:00,Oaxaca,5.69,165,27.6,51.2,6.06,2000,212.5,OK
WT-002,2026-01-10 02:00:00,Oaxaca,6.22,85,16.0,44.0,7.89,2000,316.2,OK
WT-002,2026-01-10 03:00:00,Oaxaca,8.36,153,16.9,45.4,8.74,2000,653.1,OK
WT-002,2026-01-10 04:00:00,Oaxaca,5.79,88,32.3,52.9,5.9,2000,171.5,OK
WT-002,2026-01-10 05:00:00,Oaxaca,8.1,308,24.6,53.2,9.75,2000,694.1,OK
WT-002,2026-01-10 06:00:00,Oaxaca,7.03,17,25.8,55.3,8.19,2000,431.6,OK
WT-002,2026-01-10 07:00:00,Oaxaca,5.55,40,18.8,46.9,6.3,2000,271.8,OK
WT-002,2026-01-10 08:00:00,Oaxaca,10.73,310,28.5,71.8,14.88,2000,1433.0,OK
WT-002,2026-01-10 09:00:00,Oaxaca,2.28,21,25.7,44.7,2.58,2000,10.6,OK
WT-002,2026-01-10 10:00:00,Oaxaca,2.29,276,25.9,47.9,3.13,2000,0.0,OK
WT-002,2026-01-10 11:00:00,Oaxaca,8.31,280,28.5,60.0,9.51,2000,728.5,OK
WT-002,2026-01-10 12:00:00,Oaxaca,6.36,320,30.0,54.6,7.56,2000,401.8,OK
WT-002,2026-01-10 13:00:00,Oaxaca,9.77,30,20.9,57.0,11.26,2000,1119.0,OK
WT-002,2026-01-10 14:00:00,Oaxaca,5.58,125,26.9,50.2,6.7,2000,189.7,OK
WT-002,2026-01-10 15:00:00,Oaxaca,7.87,322,24.4,51.3,10.14,2000,570.1,OK
WT-002,2026-01-10 16:00:00,Oaxaca,9.13,322,32.3,67.7,11.75,2000,864.1,OK
WT-002,2026-01-10 17:00:00,Oaxaca,6.52,247,24.8,51.6,6.42,2000,221.3,OK
WT-002,2026-01-10 18:00:00,Oaxaca,7.7,315,27.4,54.0,9.3,2000,623.0,OK
WT-002,2026-01-10 19:00:00,Oaxaca,8.3,112,26.2,61.7,10.44,2000,611.0,OK
WT-002,2026-01-10 20:00:00,Oaxaca,6.11,154,21.5,47.2,7.42,2000,183.7,OK
WT-002,2026-01-10 21:00:00,Oaxaca,9.89,111,22.3,60.1,12.62,2000,1146.8,OK
WT-002,2026-01-10 22:00:00,Oaxaca,5.79,194,21.0,41.6,7.41,2000,118.5,OK
WT-002,2026-01-10 23:00:00,Oaxaca,8.25,351,27.1,57.9,10.03,2000,661.3,OK
WT-002,2026-01-11 00:00:00,Oaxaca,11.06,76,29.9,71.9,14.14,2000,1561.4,OK
WT-002,2026-01-11 01:00:00,Oaxaca,4.26,110,20.4,41.5,5.16,2000,0.0,OK
WT-002,2026-01-11 02:00:00,Oaxaca,6.81,248,28.5,50.8,7.59,2000,375.2,OK
WT-002,2026-01-11 03:00:00,Oaxaca,9.35,257,16.1,54.8,10.44,2000,935.2,OK
WT-002,2026-01-11 04:00:00,Oaxaca,0.53,153,25.0,39.7,0.59,2000,0.0,OK
WT-002,2026-01-11 05:00:00,Oaxaca,10.23,266,28.5,62.8,13.22,2000,1269.9,OK
WT-002,2026-01-11 06:00:00,Oaxaca,8.23,337,21.6,55.0,8.58,2000,629.4,OK
WT-002,2026-01-11 07:00:00,Oaxaca,7.91,10,26.8,53.9,9.73,2000,567.8,OK
WT-002,2026-01-11 08:00:00,Oaxaca,8.83,124,22.2,49.0,9.71,2000,744.0,OK
WT-002,2026-01-11 09:00:00,Oaxaca,4.19,110,23.3,45.3,4.78,2000,78.9,OK
WT-002,2026-01-11 10:00:00,Oaxaca,11.5,124,20.1,62.1,13.16,2000,1747.7,OK
WT-002,2026-01-11 11:00:00,Oaxaca,7.62,2,21.1,50.4,10.05,2000,505.5,OK
WT-002,2026-01-11 12:00:00,Oaxaca,7.68,261,21.2,51.5,8.57,2000,399.2,OK
WT-002,2026-01-11 13:00:00,Oaxaca,6.58,30,25.3,51.0,8.28,2000,355.0,OK
WT-002,2026-01-11 14:00:00,Oaxaca,5.78,94,24.1,51.1,7.42,2000,233.7,OK
WT-002,2026-01-11 15:00:00,Oaxaca,9.55,344,23.6,59.0,11.15,2000,1030.6,OK
WT-002,2026-01-11 16:00:00,Oaxaca,10.64,176,26.7,65.9,13.26,2000,1475.2,OK
WT-002,2026-01-11 17:00:00,Oaxaca,9.22,104,26.0,56.3,11.14,2000,777.8,OK
WT-002,2026-01-11 18:00:00,Oaxaca,5.71,112,18.9,38.4,6.6,2000,121.8,OK
WT-002,2026-01-11 19:00:00,Oaxaca,5.22,286,19.0,38.9,6.19,2000,98.0,OK
WT-002,2026-01-11 20:00:00,Oaxaca,7.09,188,26.8,52.1,9.98,2000,487.7,OK
WT-002,2026-01-11 21:00:00,Oaxaca,5.72,357,23.0,45.8,6.02,2000,206.7,OK
WT-002,2026-01-11 22:00:00,Oaxaca,5.51,355,26.5,48.2,6.71,2000,238.4,OK
WT-002,2026-01-11 23:00:00,Oaxaca,5.71,23,22.7,46.8,7.3,2000,287.5,OK
WT-002,2026-01-12 00:00:00,Oaxaca,7.44,136,22.5,52.5,8.59,2000,487.8,OK
WT-002,2026-01-12 01:00:00,Oaxaca,4.45,256,25.7,47.3,5.4,2000,49.1,OK
WT-002,2026-01-12 02:00:00,Oaxaca,6.4,321,25.8,45.7,8.37,2000,369.5,OK
WT-002,2026-01-12 03:00:00,Oaxaca,8.27,166,14.6,43.5,10.97,2000,682.6,OK
WT-002,2026-01-12 04:00:00,Oaxaca,5.52,128,19.2,44.1,6.48,2000,152.7,OK
WT-002,2026-01-12 05:00:00,Oaxaca,7.74,347,32.2,59.1,9.56,2000,480.8,OK
WT-003,2026-01-07 00:00:00,Sonora,6.87,280,35.0,68.5,8.36,2000,415.2,OK
WT-003,2026-01-07 01:00:00,Sonora,2.19,121,28.9,42.4,2.59,2000,0.0,OK
WT-003,2026-01-07 02:00:00,Sonora,8.66,99,36.7,68.0,10.24,2000,887.7,OK
WT-003,2026-01-07 03:00:00,Sonora,3.76,191,30.3,49.9,4.56,2000,57.7,OK
WT-003,2026-01-07 04:00:00,Sonora,10.07,263,29.0,64.4,12.08,2000,1234.1,OK
WT-003,2026-01-07 05:00:00,Sonora,9.65,90,33.0,65.2,12.35,2000,1144.4,OK
WT-003,2026-01-07 06:00:00,Sonora,10.52,151,42.0,72.1,12.98,2000,1311.9,OK
WT-003,2026-01-07 07:00:00,Sonora,9.78,77,34.9,71.3,11.71,2000,1072.0,OK
WT-003,2026-01-07 08:00:00,Sonora,5.62,298,27.1,53.6,7.07,2000,110.4,OK
WT-003,2026-01-07 09:00:00,Sonora,16.3,229,39.2,100.4,20.66,2000,2000.0,WARN
WT-003,2026-01-07 10:00:00,Sonora,9.42,334,38.4,68.7,11.76,2000,887.0,OK
WT-003,2026-01-07 11:00:00,Sonora,4.21,90,30.5,53.4,5.32,2000,202.2,OK
WT-003,2026-01-07 12:00:00,Sonora,9.75,19,33.0,65.5,12.02,2000,1059.0,OK
WT-003,2026-01-07 13:00:00,Sonora,10.92,14,32.3,73.5,12.7,2000,1492.1,OK
WT-003,2026-01-07 14:00:00,Sonora,5.38,215,28.1,50.5,6.64,2000,259.2,OK
WT-003,2026-01-07 15:00:00,Sonora,9.64,100,29.9,63.6,10.69,2000,1049.7,OK
WT-003,2026-01-07 16:00:00,Sonora,13.05,243,33.1,77.3,15.64,2000,2000.0,WARN
WT-003,2026-01-07 17:00:00,Sonora,9.12,276,32.0,63.9,10.3,2000,834.0,OK
WT-003,2026-01-07 18:00:00,Sonora,9.25,238,28.7,60.7,11.63,2000,988.8,OK
WT-003,2026-01-07 19:00:00,Sonora,6.33,143,29.1,53.8,8.02,2000,213.8,OK
WT-003,2026-01-07 20:00:00,Sonora,8.24,59,36.9,55.8,10.6,2000,580.7,OK
WT-003,2026-01-07 21:00:00,Sonora,9.31,291,24.1,56.9,11.28,2000,927.8,OK
WT-003,2026-01-07 22:00:00,Sonora,7.93,303,39.3,66.7,9.83,2000,473.6,OK
WT-003,2026-01-07 23:00:00,Sonora,13.74,296,29.4,82.0,16.15,2000,2000.0,WARN
WT-003,2026-01-08 00:00:00,Sonora,4.66,1,30.7,47.7,5.24,2000,64.7,OK
WT-003,2026-01-08 01:00:00,Sonora,1.83,218,35.8,59.1,2.12,2000,0.0,OK
WT-003,2026-01-08 02:00:00,Sonora,16.39,109,30.3,90.1,21.0,2000,2000.0,WARN
WT-003,2026-01-08 03:00:00,Sonora,9.54,258,35.6,67.4,12.3,2000,972.9,OK
WT-003,2026-01-08 04:00:00,Sonora,12.4,84,27.3,76.6,14.61,2000,2000.0,WARN
WT-003,2026-01-08 05:00:00,Sonora,9.4,275,31.3,64.8,11.09,2000,973.4,OK
WT-003,2026-01-08 06:00:00,Sonora,7.72,162,36.0,63.4,9.32,2000,521.9,OK
WT-003,2026-01-08 07:00:00,Sonora,11.03,214,38.2,77.5,12.16,2000,1517.3,OK
WT-003,2026-01-08 08:00:00,Sonora,8.5,215,25.8,54.2,10.9,2000,715.2,OK
WT-003,2026-01-08 09:00:00,Sonora,5.87,92,23.7,49.5,6.97,2000,201.6,OK
WT-003,2026-01-08 10:00:00,Sonora,9.69,184,32.1,67.3,10.9,2000,1001.6,OK
WT-003,2026-01-08 11:00:00,Sonora,13.42,206,26.5,80.5,17.12,2000,2000.0,WARN
WT-003,2026-01-08 12:00:00,Sonora,5.97,283,36.5,60.3,7.65,2000,155.2,OK
WT-003,2026-01-08 13:00:00,Sonora,6.25,120,32.0,57.0,7.69,2000,202.9,OK
WT-003,2026-01-08 14:00:00,Sonora,8.38,60,37.4,66.4,10.88,2000,607.3,OK
WT-003,2026-01-08 15:00:00,Sonora,7.63,264,35.4,60.2,9.31,2000,513.0,OK
WT-003,2026-01-08 16:00:00,Sonora,4.96,273,33.1,56.1,6.43,2000,199.2,OK
WT-003,2026-01-08 17:00:00,Sonora,10.72,234,25.4,65.6,13.78,2000,1378.4,OK
WT-003,2026-01-08 18:00:00,Sonora,9.21,197,30.9,65.8,12.35,2000,960.7,OK
WT-003,2026-01-08 19:00:00,Sonora,3.97,159,30.0,51.7,5.1,2000,0.0,OK
WT-003,2026-01-08 20:00:00,Sonora,9.32,173,33.7,61.4,11.19,2000,1016.0,OK
WT-003,2026-01-08 21:00:00,Sonora,4.68,62,29.8,50.3,5.78,2000,127.0,OK
WT-003,2026-01-08 22:00:00,Sonora,11.61,137,29.4,70.8,12.75,2000,1798.0,OK
WT-003,2026-01-08 23:00:00,Sonora,7.9,178,32.0,63.1,7.7,2000,597.2,OK
WT-003,2026-01-09 00:00:00,Sonora,8.73,134,29.2,61.2,10.76,2000,780.5,OK
WT-003,2026-01-09 01:00:00,Sonora,10.01,188,37.4,70.5,12.27,2000,1115.3,OK
WT-003,2026-01-09 02:00:00,Sonora,7.96,99,32.9,66.3,8.29,2000,582.8,OK
WT-003,2026-01-09 03:00:00,Sonora,9.44,218,34.8,64.5,10.55,2000,1076.1,OK
WT-003,2026-01-09 04:00:00,Sonora,11.2,109,32.8,65.9,13.86,2000,1557.4,OK
WT-003,2026-01-09 05:00:00,Sonora,9.16,192,34.3,62.9,10.06,2000,923.6,OK
WT-003,2026-01-09 06:00:00,Sonora,8.18,184,27.9,63.3,8.96,2000,712.6,OK
WT-003,2026-01-09 07:00:00,Sonora,2.43,282,33.5,48.1,2.86,2000,37.5,OK
WT-003,2026-01-09 08:00:00,Sonora,12.27,320,26.7,75.2,15.42,2000,2000.0,WARN
WT-003,2026-01-09 09:00:00,Sonora,6.79,236,33.3,55.9,9.12,2000,411.2,OK
WT-003,2026-01-09 10:00:00,Sonora,6.04,306,29.3,52.0,7.41,2000,176.5,OK
WT-003,2026-01-09 11:00:00,Sonora,5.25,28,36.7,58.7,6.36,2000,134.3,OK
WT-003,2026-01-09 12:00:00,Sonora,11.64,273,30.0,74.6,14.25,2000,1975.5,WARN
WT-003,2026-01-09 13:00:00,Sonora,6.52,229,24.9,52.8,7.39,2000,187.8,OK
WT-003,2026-01-09 14:00:00,Sonora,13.42,200,29.0,80.0,18.48,2000,2000.0,WARN
WT-003,2026-01-09 15:00:00,Sonora,6.39,6,23.9,48.6,7.9,2000,220.9,OK
WT-003,2026-01-09 16:00:00,Sonora,4.52,83,22.5,37.5,4.9,2000,64.3,OK
WT-003,2026-01-09 17:00:00,Sonora,9.84,338,36.6,74.8,11.67,2000,1190.2,OK
WT-003,2026-01-09 18:00:00,Sonora,8.2,144,26.9,60.3,9.66,2000,696.7,OK
WT-003,2026-01-09 19:00:00,Sonora,6.35,238,40.4,67.2,7.33,2000,378.2,OK
WT-003,2026-01-09 20:00:00,Sonora,5.25,25,31.3,56.7,6.28,2000,115.3,OK
WT-003,2026-01-09 21:00:00,Sonora,0.9,197,30.6,47.7,1.11,2000,0.0,OK
WT-003,2026-01-09 22:00:00,Sonora,9.65,128,37.0,72.0,12.64,2000,1115.1,OK
WT-003,2026-01-09 23:00:00,Sonora,8.85,68,37.3,74.0,10.8,2000,822.9,OK
WT-003,2026-01-10 00:00:00,Sonora,9.86,350,33.3,70.3,12.57,2000,1207.8,OK
WT-003,2026-01-10 01:00:00,Sonora,2.46,213,30.8,52.5,2.88,2000,8.9,OK
WT-003,2026-01-10 02:00:00,Sonora,6.61,136,29.8,51.2,7.52,2000,329.1,OK
WT-003,2026-01-10 03:00:00,Sonora,9.33,312,35.1,73.2,11.12,2000,851.0,OK
WT-003,2026-01-10 04:00:00,Sonora,9.5,105,26.2,57.9,12.17,2000,949.9,OK
WT-003,2026-01-10 05:00:00,Sonora,8.62,280,30.1,56.3,10.52,2000,667.0,OK
WT-003,2026-01-10 06:00:00,Sonora,10.68,1,23.6,55.2,13.84,2000,1424.7,OK
WT-003,2026-01-10 07:00:00,Sonora,9.65,228,25.4,56.7,12.19,2000,1018.4,OK
WT-003,2026-01-10 08:00:00,Sonora,9.71,130,36.1,73.8,10.05,2000,1060.7,OK
WT-003,2026-01-10 09:00:00,Sonora,5.29,44,30.7,53.3,6.66,2000,147.5,OK
WT-003,2026-01-10 10:00:00,Sonora,12.24,200,33.9,75.6,13.83,2000,2000.0,WARN
WT-003,2026-01-10 11:00:00,Sonora,5.4,142,32.5,53.4,7.42,2000,143.1,OK
WT-003,2026-01-10 12:00:00,Sonora,10.82,27,33.2,72.7,12.6,2000,1477.4,OK
WT-003,2026-01-10 13:00:00,Sonora,5.87,176,38.9,65.7,7.03,2000,224.7,OK
WT-003,2026-01-10 14:00:00,Sonora,7.12,58,29.7,58.6,8.67,2000,439.9,OK
WT-003,2026-01-10 15:00:00,Sonora,5.27,319,30.1,58.8,7.01,2000,89.0,OK
WT-003,2026-01-10 16:00:00,Sonora,7.07,254,33.0,56.1,8.59,2000,275.2,OK
WT-003,2026-01-10 17:00:00,Sonora,8.44,330,31.3,62.3,10.02,2000,740.9,OK
WT-003,2026-01-10 18:00:00,Sonora,9.9,0,28.6,55.3,11.6,2000,1115.1,OK
WT-003,2026-01-10 19:00:00,Sonora,10.26,60,26.6,56.9,13.16,2000,1189.6,OK
WT-003,2026-01-10 20:00:00,Sonora,7.82,92,34.1,58.6,10.35,2000,526.5,OK
WT-003,2026-01-10 21:00:00,Sonora,6.83,251,32.9,55.5,7.85,2000,345.1,OK
WT-003,2026-01-10 22:00:00,Sonora,6.59,338,33.7,58.5,7.52,2000,396.9,OK
WT-003,2026-01-10 23:00:00,Sonora,5.49,138,32.4,59.0,5.93,2000,173.1,OK
WT-003,2026-01-11 00:00:00,Sonora,5.47,89,26.9,53.0,6.48,2000,228.8,OK
WT-003,2026-01-11 01:00:00,Sonora,9.98,284,29.4,63.9,11.72,2000,1233.3,OK
WT-003,2026-01-11 02:00:00,Sonora,12.79,155,24.9,71.7,14.47,2000,2000.0,WARN
WT-003,2026-01-11 03:00:00,Sonora,5.04,294,30.1,54.3,6.43,2000,60.5,OK
WT-003,2026-01-11 04:00:00,Sonora,6.94,326,25.4,49.6,8.92,2000,336.4,OK
WT-003,2026-01-11 05:00:00,Sonora,5.87,285,24.5,49.0,6.53,2000,315.0,OK
WT-003,2026-01-11 06:00:00,Sonora,11.14,4,28.5,69.9,12.75,2000,1662.2,OK
WT-003,2026-01-11 07:00:00,Sonora,9.72,289,39.6,79.2,12.14,2000,1034.2,OK
WT-003,2026-01-11 08:00:00,Sonora,8.5,280,29.9,63.7,10.55,2000,703.3,OK
WT-003,2026-01-11 09:00:00,Sonora,11.31,194,30.0,69.3,14.46,2000,1674.7,OK
WT-003,2026-01-11 10:00:00,Sonora,5.47,115,40.5,69.4,6.61,2000,240.6,OK
WT-003,2026-01-11 11:00:00,Sonora,4.98,307,23.9,47.3,6.31,2000,113.7,OK
WT-003,2026-01-11 12:00:00,Sonora,4.91,13,30.7,50.0,6.38,2000,180.2,OK
WT-003,2026-01-11 13:00:00,Sonora,5.15,238,25.9,45.3,6.16,2000,215.0,OK
WT-003,2026-01-11 14:00:00,Sonora,8.85,8,29.8,64.2,11.04,2000,815.1,OK
WT-003,2026-01-11 15:00:00,Sonora,7.92,337,28.2,58.0,10.08,2000,436.2,OK
WT-003,2026-01-11 16:00:00,Sonora,10.6,254,25.7,62.7,12.37,2000,1440.0,OK
WT-003,2026-01-11 17:00:00,Sonora,6.52,257,28.5,58.3,8.5,2000,328.3,OK
WT-003,2026-01-11 18:00:00,Sonora,5.64,65,33.8,59.1,6.54,2000,191.4,OK
WT-003,2026-01-11 19:00:00,Sonora,9.11,73,34.6,73.5,11.24,2000,773.4,OK
WT-003,2026-01-11 20:00:00,Sonora,7.76,106,33.0,60.5,10.14,2000,547.3,OK
WT-003,2026-01-11 21:00:00,Sonora,10.08,250,23.9,60.9,13.0,2000,1147.3,OK
WT-003,2026-01-11 22:00:00,Sonora,9.5,48,42.0,79.4,13.18,2000,1015.6,OK
WT-003,2026-01-11 23:00:00,Sonora,12.98,159,31.1,81.4,15.88,2000,2000.0,WARN
WT-003,2026-01-12 00:00:00,Sonora,6.28,281,29.6,53.4,6.93,2000,410.5,OK
WT-003,2026-01-12 01:00:00,Sonora,7.31,226,31.4,62.6,8.89,2000,492.7,OK
WT-003,2026-01-12 02:00:00,Sonora,9.63,195,37.0,73.0,10.89,2000,998.8,OK
WT-003,2026-01-12 03:00:00,Sonora,8.69,150,29.9,53.3,9.93,2000,653.2,OK
WT-003,2026-01-12 04:00:00,Sonora,9.25,288,31.0,63.5,11.87,2000,1110.4,OK
WT-003,2026-01-12 05:00:00,Sonora,9.74,274,33.2,64.3,11.88,2000,1239.3,OK
WT-003,2026-01-12 06:00:00,Sonora,5.56,349,31.0,53.4,6.79,2000,248.8,OK
WT-003,2026-01-12 07:00:00,Sonora,11.23,141,29.0,74.0,13.57,2000,1690.4,OK
WT-003,2026-01-12 08:00:00,Sonora,9.24,125,32.9,68.8,12.04,2000,809.2,OK
WT-003,2026-01-12 09:00:00,Sonora,6.2,38,30.2,52.4,7.0,2000,220.6,OK
WT-003,2026-01-12 10:00:00,Sonora,8.73,322,33.7,62.9,9.64,2000,820.4,OK
WT-003,2026-01-12 11:00:00,Sonora,7.39,204,40.0,64.8,9.74,2000,543.8,OK
WT-003,2026-01-12 12:00:00,Sonora,10.78,97,35.3,66.8,12.1,2000,1526.1,OK
WT-003,2026-01-12 13:00:00,Sonora,7.31,17,30.6,51.2,7.41,2000,412.8,OK
WT-003,2026-01-12 14:00:00,Sonora,7.21,81,34.9,62.3,8.81,2000,295.5,OK
WT-003,2026-01-12 15:00:00,Sonora,9.19,72,32.8,60.5,10.87,2000,919.9,OK
WT-003,2026-01-12 16:00:00,Sonora,8.05,262,32.9,60.4,10.02,2000,657.7,OK
WT-003,2026-01-12 17:00:00,Sonora,4.79,307,34.7,60.9,5.72,2000,60.6,OK
WT-003,2026-01-12 18:00:00,Sonora,8.13,298,32.6,66.7,9.25,2000,568.4,OK
WT-003,2026-01-12 19:00:00,Sonora,7.31,213,36.0,64.2,9.84,2000,473.4,OK
WT-003,2026-01-12 20:00:00,Sonora,10.97,121,30.2,68.6,14.25,2000,1668.7,OK
WT-003,2026-01-12 21:00:00,Sonora,7.5,39,36.7,67.0,9.31,2000,410.1,OK
WT-003,2026-01-12 22:00:00,Sonora,8.48,112,26.6,56.9,10.35,2000,612.7,OK
WT-003,2026-01-12 23:00:00,Sonora,9.44,98,34.8,72.3,11.1,2000,958.7,OK
WT-003,2026-01-13 00:00:00,Sonora,7.77,359,33.9,65.0,8.79,2000,624.2,OK
WT-003,2026-01-13 01:00:00,Sonora,9.44,17,27.4,60.3,12.37,2000,980.0,OK
WT-003,2026-01-13 02:00:00,Sonora,8.35,102,27.1,58.1,9.61,2000,658.1,OK
WT-003,2026-01-13 03:00:00,Sonora,10.01,249,34.0,69.2,11.91,2000,1164.9,OK
WT-003,2026-01-13 04:00:00,Sonora,5.79,288,36.4,64.6,6.02,2000,244.2,OK
WT-003,2026-01-13 05:00:00,Sonora,7.19,169,28.2,55.4,8.33,2000,451.3,OK
WT-004,2026-01-08 00:00:00,Tamaulipas,11.05,272,32.7,73.6,13.81,2000,1553.7,OK
WT-004,2026-01-08 01:00:00,Tamaulipas,7.32,315,21.9,49.7,8.31,2000,574.6,OK
WT-004,2026-01-08 02:00:00,Tamaulipas,5.37,305,28.2,50.4,5.77,2000,251.4,OK
WT-004,2026-01-08 03:00:00,Tamaulipas,8.94,87,30.2,64.4,11.93,2000,821.1,OK
WT-004,2026-01-08 04:00:00,Tamaulipas,6.51,191,23.4,53.9,6.93,2000,303.6,OK
WT-004,2026-01-08 05:00:00,Tamaulipas,9.1,244,24.4,55.5,11.31,2000,831.3,OK
WT-004,2026-01-08 06:00:00,Tamaulipas,13.5,214,21.1,70.9,16.32,2000,2000.0,WARN
WT-004,2026-01-08 07:00:00,Tamaulipas,8.76,107,24.1,52.4,9.22,2000,726.7,OK
WT-004,2026-01-08 08:00:00,Tamaulipas,8.97,150,26.6,58.5,10.42,2000,855.8,OK
WT-004,2026-01-08 09:00:00,Tamaulipas,13.76,109,25.3,75.6,18.21,2000,2000.0,WARN
WT-004,2026-01-08 10:00:00,Tamaulipas,11.4,47,28.6,65.5,12.57,2000,1757.3,OK
WT-004,2026-01-08 11:00:00,Tamaulipas,9.35,131,28.4,60.9,12.36,2000,938.1,OK
WT-004,2026-01-08 12:00:00,Tamaulipas,10.48,183,19.2,53.6,12.95,2000,1287.8,OK
WT-004,2026-01-08 13:00:00,Tamaulipas,10.43,231,23.7,57.9,12.99,2000,1245.0,OK
WT-004,2026-01-08 14:00:00,Tamaulipas,3.3,160,31.6,52.7,3.91,2000,25.4,OK
WT-004,2026-01-08 15:00:00,Tamaulipas,8.75,101,33.3,67.6,9.83,2000,768.8,OK
WT-004,2026-01-08 16:00:00,Tamaulipas,7.25,227,30.2,59.7,7.73,2000,454.4,OK
WT-004,2026-01-08 17:00:00,Tamaulipas,12.89,194,24.2,65.6,14.23,2000,2000.0,WARN
WT-004,2026-01-08 18:00:00,Tamaulipas,9.13,54,26.1,57.5,10.89,2000,884.4,OK
WT-004,2026-01-08 19:00:00,Tamaulipas,10.72,99,26.1,70.0,13.8,2000,1518.9,OK
WT-004,2026-01-08 20:00:00,Tamaulipas,10.41,341,24.1,57.5,12.26,2000,1251.3,OK
WT-004,2026-01-08 21:00:00,Tamaulipas,12.05,52,24.0,66.6,13.44,2000,2000.0,WARN
WT-004,2026-01-08 22:00:00,Tamaulipas,8.75,357,26.6,56.1,8.61,2000,739.1,OK
WT-004,2026-01-08 23:00:00,Tamaulipas,4.54,116,29.5,54.5,5.0,2000,111.2,OK
WT-004,2026-01-09 00:00:00,Tamaulipas,13.03,265,26.0,73.1,16.53,2000,2000.0,WARN
WT-004,2026-01-09 01:00:00,Tamaulipas,13.37,28,28.1,80.4,15.69,2000,2000.0,WARN
WT-004,2026-01-09 02:00:00,Tamaulipas,7.05,352,27.1,54.5,7.68,2000,416.0,OK
WT-004,2026-01-09 03:00:00,Tamaulipas,8.52,129,25.8,55.2,9.95,2000,686.0,OK
WT-004,2026-01-09 04:00:00,Tamaulipas,9.79,240,26.8,60.9,12.12,2000,1075.0,OK
WT-004,2026-01-09 05:00:00,Tamaulipas,7.52,304,33.5,63.6,8.82,2000,427.2,OK
WT-004,2026-01-09 06:00:00,Tamaulipas,7.3,207,30.2,60.9,8.9,2000,428.5,OK
WT-004,2026-01-09 07:00:00,Tamaulipas,8.22,114,24.1,51.0,8.25,2000,725.7,OK
WT-004,2026-01-09 08:00:00,Tamaulipas,5.98,72,25.1,49.9,7.34,2000,159.0,OK
WT-004,2026-01-09 09:00:00,Tamaulipas,8.74,300,25.1,53.3,10.05,2000,756.7,OK
WT-004,2026-01-09 10:00:00,Tamaulipas,10.75,69,22.0,56.4,14.39,2000,1300.9,OK
WT-004,2026-01-09 11:00:00,Tamaulipas,8.48,84,23.4,52.2,10.48,2000,673.7,OK
WT-004,2026-01-09 12:00:00,Tamaulipas,11.22,201,28.5,66.6,13.94,2000,1652.9,OK
WT-004,2026-01-09 13:00:00,Tamaulipas,6.1,300,21.6,48.7,6.84,2000,143.6,OK
WT-004,2026-01-09 14:00:00,Tamaulipas,6.58,323,14.2,43.1,7.8,2000,339.6,OK
WT-004,2026-01-09 15:00:00,Tamaulipas,4.52,235,19.9,40.3,5.4,2000,99.0,OK
WT-004,2026-01-09 16:00:00,Tamaulipas,8.1,333,24.0,52.4,8.68,2000,624.6,OK
WT-004,2026-01-09 17:00:00,Tamaulipas,14.49,103,25.0,77.7,16.1,2000,2000.0,WARN
WT-004,2026-01-09 18:00:00,Tamaulipas,8.53,243,30.0,62.7,10.62,2000,725.6,OK
WT-004,2026-01-09 19:00:00,Tamaulipas,11.51,42,27.6,69.4,14.35,2000,1809.3,OK
WT-004,2026-01-09 20:00:00,Tamaulipas,5.01,0,28.6,53.7,5.72,2000,158.1,OK
WT-004,2026-01-09 21:00:00,Tamaulipas,10.25,264,25.5,60.9,12.93,2000,1245.5,OK
WT-004,2026-01-09 22:00:00,Tamaulipas,8.51,248,29.3,63.0,9.91,2000,807.8,OK
WT-004,2026-01-09 23:00:00,Tamaulipas,6.96,177,22.3,48.5,9.28,2000,434.9,OK
WT-004,2026-01-10 00:00:00,Tamaulipas,6.54,334,35.3,64.3,7.94,2000,370.7,OK
WT-004,2026-01-10 01:00:00,Tamaulipas,10.55,171,17.2,50.9,12.43,2000,1299.2,OK
WT-004,2026-01-10 02:00:00,Tamaulipas,9.02,259,24.0,57.3,11.39,2000,787.9,OK
WT-004,2026-01-10 03:00:00,Tamaulipas,12.14,239,20.0,65.7,14.1,2000,2000.0,WARN
WT-004,2026-01-10 04:00:00,Tamaulipas,10.14,266,27.3,62.6,10.94,2000,1324.4,OK
WT-004,2026-01-10 05:00:00,Tamaulipas,6.79,333,21.9,48.7,8.07,2000,321.4,OK
WT-004,2026-01-10 06:00:00,Tamaulipas,8.57,159,25.4,58.6,10.63,2000,820.1,OK
WT-004,2026-01-10 07:00:00,Tamaulipas,6.33,305,26.0,51.3,6.89,2000,294.3,OK
WT-004,2026-01-10 08:00:00,Tamaulipas,12.24,196,27.8,81.5,14.21,2000,2000.0,WARN
WT-004,2026-01-10 09:00:00,Tamaulipas,7.0,56,25.2,52.2,7.51,2000,278.1,OK
WT-004,2026-01-10 10:00:00,Tamaulipas,8.39,352,24.7,55.7,8.49,2000,651.1,OK
WT-004,2026-01-10 11:00:00,Tamaulipas,10.35,157,25.2,58.8,12.26,2000,1318.8,OK
WT-004,2026-01-10 12:00:00,Tamaulipas,9.7,117,24.2,54.2,10.82,2000,1170.3,OK
WT-004,2026-01-10 13:00:00,Tamaulipas,10.5,222,20.8,55.0,13.53,2000,1341.0,OK
WT-004,2026-01-10 14:00:00,Tamaulipas,7.3,223,21.0,50.8,8.76,2000,441.9,OK
WT-004,2026-01-10 15:00:00,Tamaulipas,12.75,1,21.9,69.3,13.94,2000,2000.0,WARN
WT-004,2026-01-10 16:00:00,Tamaulipas,7.17,192,29.0,53.1,7.42,2000,363.7,OK
WT-004,2026-01-10 17:00:00,Tamaulipas,13.56,9,24.4,70.0,16.21,2000,2000.0,WARN
WT-004,2026-01-10 18:00:00,Tamaulipas,9.67,350,19.9,51.2,11.68,2000,1077.5,OK
WT-004,2026-01-10 19:00:00,Tamaulipas,5.87,331,30.6,47.6,7.45,2000,301.9,OK
WT-004,2026-01-10 20:00:00,Tamaulipas,10.32,174,24.5,58.9,10.11,2000,1129.9,OK
WT-004,2026-01-10 21:00:00,Tamaulipas,9.1,148,32.4,64.1,11.57,2000,823.3,OK
WT-004,2026-01-10 22:00:00,Tamaulipas,7.68,61,26.8,53.8,9.53,2000,501.8,OK
WT-004,2026-01-10 23:00:00,Tamaulipas,10.84,190,26.8,62.4,12.06,2000,1556.7,OK
WT-004,2026-01-11 00:00:00,Tamaulipas,10.88,269,16.5,53.6,14.61,2000,1538.5,OK
WT-004,2026-01-11 01:00:00,Tamaulipas,8.87,205,22.4,55.6,10.14,2000,783.7,OK
WT-004,2026-01-11 02:00:00,Tamaulipas,6.3,180,17.7,51.0,7.56,2000,245.3,OK
WT-004,2026-01-11 03:00:00,Tamaulipas,5.28,315,28.4,56.2,6.24,2000,194.3,OK
WT-004,2026-01-11 04:00:00,Tamaulipas,7.26,232,36.1,61.4,9.35,2000,370.9,OK
WT-004,2026-01-11 05:00:00,Tamaulipas,4.8,257,30.2,51.4,5.97,2000,123.0,OK
WT-004,2026-01-11 06:00:00,Tamaulipas,6.76,286,29.0,58.2,7.13,2000,491.3,OK
WT-004,2026-01-11 07:00:00,Tamaulipas,10.97,206,31.1,74.7,13.95,2000,1558.3,OK
WT-004,2026-01-11 08:00:00,Tamaulipas,6.73,253,28.7,51.8,8.33,2000,426.8,OK
WT-004,2026-01-11 09:00:00,Tamaulipas,9.06,276,26.8,58.8,11.28,2000,905.9,OK
WT-004,2026-01-11 10:00:00,Tamaulipas,8.21,160,25.2,60.5,9.93,2000,673.1,OK
WT-004,2026-01-11 11:00:00,Tamaulipas,10.59,117,17.5,57.3,14.27,2000,1346.2,OK
WT-004,2026-01-11 12:00:00,Tamaulipas,8.26,26,29.0,59.6,9.41,2000,698.5,OK
WT-004,2026-01-11 13:00:00,Tamaulipas,6.73,319,32.9,57.5,7.88,2000,384.8,OK
WT-004,2026-01-11 14:00:00,Tamaulipas,5.39,113,21.9,43.5,6.81,2000,225.0,OK
WT-004,2026-01-11 15:00:00,Tamaulipas,6.65,108,27.8,55.6,7.3,2000,312.2,OK
WT-004,2026-01-11 16:00:00,Tamaulipas,5.92,305,25.8,52.7,7.0,2000,305.6,OK
WT-004,2026-01-11 17:00:00,Tamaulipas,10.17,113,30.8,71.2,13.1,2000,1321.5,OK
WT-004,2026-01-11 18:00:00,Tamaulipas,9.96,145,26.3,63.9,11.49,2000,1164.4,OK
WT-004,2026-01-11 19:00:00,Tamaulipas,8.94,52,27.6,62.1,11.04,2000,820.3,OK
WT-004,2026-01-11 20:00:00,Tamaulipas,7.99,263,34.3,62.8,9.18,2000,598.0,OK
WT-004,2026-01-11 21:00:00,Tamaulipas,8.38,102,30.2,63.3,9.15,2000,695.4,OK
WT-004,2026-01-11 22:00:00,Tamaulipas,8.6,110,20.8,51.8,10.55,2000,748.0,OK
WT-004,2026-01-11 23:00:00,Tamaulipas,8.23,234,33.9,65.8,8.59,2000,725.0,OK
WT-004,2026-01-12 00:00:00,Tamaulipas,6.01,217,23.6,47.1,7.83,2000,309.9,OK
WT-004,2026-01-12 01:00:00,Tamaulipas,10.11,89,35.9,73.1,11.37,2000,1117.9,OK
WT-004,2026-01-12 02:00:00,Tamaulipas,12.49,339,32.1,71.4,14.47,2000,2000.0,WARN
WT-004,2026-01-12 03:00:00,Tamaulipas,7.33,332,33.3,56.5,9.85,2000,496.7,OK
WT-004,2026-01-12 04:00:00,Tamaulipas,12.18,276,18.1,56.8,13.35,2000,2000.0,WARN
WT-004,2026-01-12 05:00:00,Tamaulipas,9.45,280,34.2,67.9,10.66,2000,1042.7,OK
WT-004,2026-01-12 06:00:00,Tamaulipas,13.06,354,27.0,77.2,17.6,2000,2000.0,WARN
WT-004,2026-01-12 07:00:00,Tamaulipas,4.41,85,22.7,45.3,5.11,2000,103.2,OK
WT-004,2026-01-12 08:00:00,Tamaulipas,13.69,72,24.1,74.8,17.94,2000,2000.0,WARN
WT-004,2026-01-12 09:00:00,Tamaulipas,8.48,48,19.6,53.9,8.21,2000,658.5,OK
WT-004,2026-01-12 10:00:00,Tamaulipas,11.46,62,19.2,63.9,12.64,2000,1775.7,OK
WT-004,2026-01-12 11:00:00,Tamaulipas,8.94,265,29.4,67.3,11.28,2000,777.9,OK
WT-004,2026-01-12 12:00:00,Tamaulipas,9.35,25,28.3,54.2,11.26,2000,900.9,OK
WT-004,2026-01-12 13:00:00,Tamaulipas,6.69,49,25.5,52.7,7.82,2000,372.0,OK
WT-004,2026-01-12 14:00:00,Tamaulipas,6.31,105,33.0,60.0,6.82,2000,285.4,OK
WT-004,2026-01-12 15:00:00,Tamaulipas,10.35,173,25.8,59.8,12.88,2000,1313.9,OK
WT-004,2026-01-12 16:00:00,Tamaulipas,10.59,199,25.9,63.8,11.57,2000,1456.0,OK
WT-004,2026-01-12 17:00:00,Tamaulipas,4.1,341,35.2,52.0,5.28,2000,86.2,OK
WT-004,2026-01-12 18:00:00,Tamaulipas,9.94,350,21.1,57.3,12.41,2000,1155.3,OK
WT-004,2026-01-12 19:00:00,Tamaulipas,8.38,41,29.1,57.8,9.03,2000,625.0,OK
WT-004,2026-01-12 20:00:00,Tamaulipas,7.3,131,38.2,66.8,9.15,2000,508.0,OK
WT-004,2026-01-12 21:00:00,Tamaulipas,11.62,3,33.0,76.3,13.11,2000,1824.6,OK
WT-004,2026-01-12 22:00:00,Tamaulipas,12.33,288,27.1,74.3,15.44,2000,2000.0,WARN
WT-004,2026-01-12 23:00:00,Tamaulipas,8.06,266,21.0,52.0,10.1,2000,645.0,OK
WT-004,2026-01-13 00:00:00,Tamaulipas,4.61,18,31.3,53.8,5.55,2000,180.7,OK
WT-004,2026-01-13 01:00:00,Tamaulipas,4.8,179,31.5,51.6,6.21,2000,131.2,OK
WT-004,2026-01-13 02:00:00,Tamaulipas,7.91,169,24.8,49.9,10.18,2000,610.0,OK
WT-004,2026-01-13 03:00:00,Tamaulipas,10.01,246,29.2,65.1,13.21,2000,1277.9,OK
WT-004,2026-01-13 04:00:00,Tamaulipas,8.95,158,20.3,52.6,9.89,2000,819.3,OK
WT-004,2026-01-13 05:00:00,Tamaulipas,9.32,54,20.5,58.4,12.68,2000,977.8,OK
WT-004,2026-01-13 06:00:00,Tamaulipas,9.8,270,17.6,51.1,11.06,2000,1083.0,OK
WT-004,2026-01-13 07:00:00,Tamaulipas,8.33,333,24.6,54.7,10.1,2000,579.7,OK
WT-004,2026-01-13 08:00:00,Tamaulipas,6.12,70,22.1,48.5,7.61,2000,250.6,OK
WT-004,2026-01-13 09:00:00,Tamaulipas,6.78,182,25.3,54.0,7.67,2000,271.2,OK
WT-004,2026-01-13 10:00:00,Tamaulipas,7.19,130,22.4,50.1,8.77,2000,491.0,OK
WT-004,2026-01-13 11:00:00,Tamaulipas,6.76,243,16.4,42.2,8.09,2000,371.3,OK
WT-004,2026-01-13 12:00:00,Tamaulipas,15.76,309,24.3,86.0,20.52,2000,2000.0,WARN
WT-004,2026-01-13 13:00:00,Tamaulipas,11.64,343,28.6,66.2,13.75,2000,1852.7,OK
WT-004,2026-01-13 14:00:00,Tamaulipas,5.85,75,20.1,46.4,6.36,2000,236.3,OK
WT-004,2026-01-13 15:00:00,Tamaulipas,9.22,2,39.4,73.2,11.09,2000,939.8,OK
WT-004,2026-01-13 16:00:00,Tamaulipas,10.28,324,23.9,60.3,12.76,2000,1237.0,OK
WT-004,2026-01-13 17:00:00,Tamaulipas,10.44,278,27.1,65.6,13.19,2000,1279.8,OK
WT-004,2026-01-13 18:00:00,Tamaulipas,7.8,258,34.6,66.5,9.25,2000,603.7,OK
WT-004,2026-01-13 19:00:00,Tamaulipas,9.24,332,28.2,64.7,10.58,2000,846.2,OK
WT-004,2026-01-13 20:00:00,Tamaulipas,7.61,250,31.4,65.1,10.34,2000,477.1,OK
WT-004,2026-01-13 21:00:00,Tamaulipas,7.26,245,33.7,62.5,9.62,2000,376.8,OK
WT-004,2026-01-13 22:00:00,Tamaulipas,7.05,205,24.4,54.3,8.96,2000,441.7,OK
WT-004,2026-01-13 23:00:00,Tamaulipas,7.33,283,29.7,58.3,8.69,2000,479.8,OK
WT-004,2026-01-14 00:00:00,Tamaulipas,9.56,209,24.4,51.4,10.96,2000,1071.0,OK
WT-004,2026-01-14 01:00:00,Tamaulipas,7.51,273,27.5,54.8,8.36,2000,532.3,OK
WT-004,2026-01-14 02:00:00,Tamaulipas,11.09,222,18.7,57.9,13.46,2000,1457.0,OK
WT-004,2026-01-14 03:00:00,Tamaulipas,10.12,195,28.0,64.6,13.95,2000,1176.1,OK
WT-004,2026-01-14 04:00:00,Tamaulipas,6.0,300,33.7,56.3,7.67,2000,162.0,OK
WT-004,2026-01-14 05:00:00,Tamaulipas,10.22,283,28.1,63.2,10.86,2000,1289.6,OK
WT-005,2026-01-09 00:00:00,Yucatan,7.49,227,23.6,50.7,8.96,2000,484.8,OK
WT-005,2026-01-09 01:00:00,Yucatan,6.8,34,29.3,54.9,7.72,2000,406.9,OK
WT-005,2026-01-09 02:00:00,Yucatan,5.0,54,27.3,43.3,6.27,2000,115.4,OK
WT-005,2026-01-09 03:00:00,Yucatan,10.15,276,30.8,61.4,12.78,2000,1230.2,OK
WT-005,2026-01-09 04:00:00,Yucatan,13.01,84,27.5,75.7,15.98,2000,2000.0,WARN
WT-005,2026-01-09 05:00:00,Yucatan,8.95,312,26.7,55.4,8.96,2000,765.1,OK
WT-005,2026-01-09 06:00:00,Yucatan,9.85,330,30.7,62.7,11.74,2000,1127.0,OK
WT-005,2026-01-09 07:00:00,Yucatan,7.47,297,27.7,53.8,8.73,2000,531.0,OK
WT-005,2026-01-09 08:00:00,Yucatan,6.27,262,25.7,53.8,7.85,2000,381.3,OK
WT-005,2026-01-09 09:00:00,Yucatan,6.51,45,28.0,51.1,7.6,2000,375.5,OK
WT-005,2026-01-09 10:00:00,Yucatan,3.4,184,25.5,46.1,4.14,2000,59.5,OK
WT-005,2026-01-09 11:00:00,Yucatan,6.68,201,29.8,55.5,7.37,2000,319.4,OK
WT-005,2026-01-09 12:00:00,Yucatan,6.24,299,18.2,45.5,7.06,2000,402.2,OK
WT-005,2026-01-09 13:00:00,Yucatan,10.23,354,26.1,58.9,11.47,2000,1159.0,OK
WT-005,2026-01-09 14:00:00,Yucatan,5.51,68,33.7,59.1,6.52,2000,310.4,OK
WT-005,2026-01-09 15:00:00,Yucatan,7.04,64,25.8,53.7,8.36,2000,446.9,OK
WT-005,2026-01-09 16:00:00,Yucatan,8.64,173,23.7,52.0,9.8,2000,716.5,OK
WT-005,2026-01-09 17:00:00,Yucatan,8.43,100,23.4,51.9,10.49,2000,696.0,OK
WT-005,2026-01-09 18:00:00,Yucatan,2.75,7,33.7,48.3,3.23,2000,48.5,OK
WT-005,2026-01-09 19:00:00,Yucatan,2.88,1,30.7,48.1,3.36,2000,79.6,OK
WT-005,2026-01-09 20:00:00,Yucatan,7.29,226,29.0,54.2,9.48,2000,366.5,OK
WT-005,2026-01-09 21:00:00,Yucatan,8.59,347,35.2,65.6,11.11,2000,777.9,OK
WT-005,2026-01-09 22:00:00,Yucatan,4.97,76,31.0,49.3,6.13,2000,150.2,OK
WT-005,2026-01-09 23:00:00,Yucatan,3.6,244,37.7,56.0,4.19,2000,76.6,OK
WT-005,2026-01-10 00:00:00,Yucatan,9.66,182,32.6,62.1,11.66,2000,1055.0,OK
WT-005,2026-01-10 01:00:00,Yucatan,5.54,326,19.7,47.2,6.25,2000,255.8,OK
WT-005,2026-01-10 02:00:00,Yucatan,8.28,196,27.3,53.5,11.18,2000,601.1,OK
WT-005,2026-01-10 03:00:00,Yucatan,11.35,175,29.4,73.8,13.77,2000,1733.9,OK
WT-005,2026-01-10 04:00:00,Yucatan,8.08,164,26.8,58.3,9.44,2000,640.9,OK
WT-005,2026-01-10 05:00:00,Yucatan,7.65,226,29.8,60.6,9.74,2000,370.3,OK
WT-005,2026-01-10 06:00:00,Yucatan,9.89,325,33.1,66.0,13.24,2000,1165.8,OK
WT-005,2026-01-10 07:00:00,Yucatan,9.64,131,22.3,59.5,12.61,2000,953.7,OK
WT-005,2026-01-10 08:00:00,Yucatan,9.96,141,33.2,66.8,11.44,2000,1005.6,OK
WT-005,2026-01-10 09:00:00,Yucatan,8.48,341,27.7,59.9,9.85,2000,700.7,OK
WT-005,2026-01-10 10:00:00,Yucatan,9.25,146,25.1,55.8,11.9,2000,998.0,OK
WT-005,2026-01-10 11:00:00,Yucatan,4.92,195,23.9,44.2,5.86,2000,183.1,OK
WT-005,2026-01-10 12:00:00,Yucatan,5.49,309,26.4,49.4,7.89,2000,146.3,OK
WT-005,2026-01-10 13:00:00,Yucatan,9.88,134,25.7,60.5,11.36,2000,1087.5,OK
WT-005,2026-01-10 14:00:00,Yucatan,9.02,314,27.3,56.4,9.84,2000,895.9,OK
WT-005,2026-01-10 15:00:00,Yucatan,6.89,239,33.8,63.4,8.18,2000,343.2,OK
WT-005,2026-01-10 16:00:00,Yucatan,5.16,214,35.0,58.4,4.88,2000,148.7,OK
WT-005,2026-01-10 17:00:00,Yucatan,8.3,129,26.1,57.1,9.61,2000,670.6,OK
WT-005,2026-01-10 18:00:00,Yucatan,5.17,81,23.6,51.2,6.03,2000,132.8,OK
WT-005,2026-01-10 19:00:00,Yucatan,9.6,327,24.4,60.2,11.56,2000,1004.1,OK
WT-005,2026-01-10 20:00:00,Yucatan,6.84,298,32.3,59.3,7.73,2000,331.5,OK
WT-005,2026-01-10 21:00:00,Yucatan,5.4,68,32.9,54.5,6.81,2000,178.1,OK
WT-005,2026-01-10 22:00:00,Yucatan,8.09,8,28.5,60.8,8.87,2000,614.1,OK
WT-005,2026-01-10 23:00:00,Yucatan,7.66,83,28.0,56.5,8.65,2000,538.8,OK
WT-005,2026-01-11 00:00:00,Yucatan,2.83,254,30.8,48.2,3.32,2000,50.2,OK
WT-005,2026-01-11 01:00:00,Yucatan,8.12,90,24.4,58.2,9.8,2000,651.1,OK
WT-005,2026-01-11 02:00:00,Yucatan,5.92,339,25.2,50.7,7.64,2000,136.5,OK
WT-005,2026-01-11 03:00:00,Yucatan,4.94,161,24.2,46.8,5.23,2000,178.9,OK
WT-005,2026-01-11 04:00:00,Yucatan,3.17,44,24.3,38.9,4.0,2000,75.2,OK
WT-005,2026-01-11 05:00:00,Yucatan,6.43,60,27.5,53.2,7.14,2000,353.2,OK
WT-005,2026-01-11 06:00:00,Yucatan,9.1,211,28.2,57.2,10.24,2000,911.2,OK
WT-005,2026-01-11 07:00:00,Yucatan,8.0,260,30.8,64.1,9.81,2000,605.8,OK
WT-005,2026-01-11 08:00:00,Yucatan,7.45,38,28.6,57.2,9.61,2000,448.9,OK
WT-005,2026-01-11 09:00:00,Yucatan,8.1,77,26.9,55.5,9.62,2000,668.1,OK
WT-005,2026-01-11 10:00:00,Yucatan,9.33,51,26.4,57.9,11.25,2000,982.2,OK
WT-005,2026-01-11 11:00:00,Yucatan,8.72,1,29.0,62.8,9.31,2000,836.3,OK
WT-005,2026-01-11 12:00:00,Yucatan,1.0,65,32.1,58.8,1.18,2000,72.6,OK
WT-005,2026-01-11 13:00:00,Yucatan,5.49,344,24.9,48.1,6.61,2000,175.1,OK
WT-005,2026-01-11 14:00:00,Yucatan,5.76,35,24.6,45.9,6.96,2000,271.1,OK
WT-005,2026-01-11 15:00:00,Yucatan,7.55,240,20.5,52.7,8.83,2000,456.4,OK
WT-005,2026-01-11 16:00:00,Yucatan,7.96,125,30.0,61.1,9.27,2000,575.2,OK
WT-005,2026-01-11 17:00:00,Yucatan,8.91,107,23.1,57.1,10.91,2000,897.0,OK
WT-005,2026-01-11 18:00:00,Yucatan,8.82,273,26.4,59.0,10.39,2000,721.6,OK
WT-005,2026-01-11 19:00:00,Yucatan,10.63,127,29.4,69.5,12.43,2000,1441.8,OK
WT-005,2026-01-11 20:00:00,Yucatan,7.31,346,32.2,59.4,9.21,2000,401.7,OK
WT-005,2026-01-11 21:00:00,Yucatan,11.24,238,31.9,70.7,14.68,2000,1572.0,OK
WT-005,2026-01-11 22:00:00,Yucatan,6.53,27,27.6,54.9,7.37,2000,356.6,OK
WT-005,2026-01-11 23:00:00,Yucatan,8.15,67,22.2,50.7,9.85,2000,686.5,OK
WT-005,2026-01-12 00:00:00,Yucatan,5.31,339,18.6,45.6,6.27,2000,128.9,OK
WT-005,2026-01-12 01:00:00,Yucatan,5.02,347,20.9,40.4,6.02,2000,85.4,OK
WT-005,2026-01-12 02:00:00,Yucatan,7.89,249,31.5,62.5,9.33,2000,549.1,OK
WT-005,2026-01-12 03:00:00,Yucatan,5.59,199,33.3,55.9,5.92,2000,139.9,OK
WT-005,2026-01-12 04:00:00,Yucatan,9.88,19,28.8,63.8,10.35,2000,1100.2,OK
WT-005,2026-01-12 05:00:00,Yucatan,7.66,278,24.7,48.9,9.55,2000,470.1,OK
WT-005,2026-01-12 06:00:00,Yucatan,8.4,196,24.6,50.8,9.91,2000,566.7,OK
WT-005,2026-01-12 07:00:00,Yucatan,5.12,130,31.7,55.0,5.84,2000,114.3,OK
WT-005,2026-01-12 08:00:00,Yucatan,6.27,43,25.2,46.5,7.4,2000,297.4,OK
WT-005,2026-01-12 09:00:00,Yucatan,5.63,327,20.4,44.8,7.24,2000,275.0,OK
WT-005,2026-01-12 10:00:00,Yucatan,9.33,69,24.1,64.2,10.02,2000,866.7,OK
WT-005,2026-01-12 11:00:00,Yucatan,8.5,88,25.3,57.6,9.92,2000,731.7,OK
WT-005,2026-01-12 12:00:00,Yucatan,8.57,130,28.7,58.7,10.83,2000,743.9,OK
WT-005,2026-01-12 13:00:00,Yucatan,5.22,240,29.7,52.5,6.57,2000,153.1,OK
WT-005,2026-01-12 14:00:00,Yucatan,7.17,202,29.1,49.2,8.7,2000,379.9,OK
WT-005,2026-01-12 15:00:00,Yucatan,8.94,199,28.3,58.3,11.68,2000,773.7,OK
WT-005,2026-01-12 16:00:00,Yucatan,8.21,331,29.3,53.4,9.58,2000,613.9,OK
WT-005,2026-01-12 17:00:00,Yucatan,6.76,113,33.3,60.4,7.44,2000,364.1,OK
WT-005,2026-01-12 18:00:00,Yucatan,8.03,308,22.8,48.1,9.26,2000,660.5,OK
WT-005,2026-01-12 19:00:00,Yucatan,3.57,281,34.5,54.1,4.29,2000,35.2,OK
WT-005,2026-01-12 20:00:00,Yucatan,4.61,146,27.2,47.6,5.65,2000,87.7,OK
WT-005,2026-01-12 21:00:00,Yucatan,9.57,208,37.2,72.9,12.15,2000,921.4,OK
WT-005,2026-01-12 22:00:00,Yucatan,0.85,152,30.8,51.6,1.05,2000,0.0,OK
WT-005,2026-01-12 23:00:00,Yucatan,8.51,333,23.5,52.5,9.4,2000,629.1,OK
WT-005,2026-01-13 00:00:00,Yucatan,8.06,163,27.4,55.8,10.84,2000,594.0,OK
WT-005,2026-01-13 01:00:00,Yucatan,5.62,137,25.5,44.5,6.67,2000,184.4,OK
WT-005,2026-01-13 02:00:00,Yucatan,7.52,266,33.2,66.1,8.47,2000,470.4,OK
WT-005,2026-01-13 03:00:00,Yucatan,5.57,234,29.9,53.8,5.82,2000,80.1,OK
WT-005,2026-01-13 04:00:00,Yucatan,6.65,222,27.7,51.2,8.36,2000,412.4,OK
WT-005,2026-01-13 05:00:00,Yucatan,8.99,165,30.9,59.2,10.81,2000,901.8,OK
WT-005,2026-01-13 06:00:00,Yucatan,7.44,133,23.3,47.9,8.96,2000,438.8,OK
WT-005,2026-01-13 07:00:00,Yucatan,10.02,221,22.8,64.2,13.16,2000,1226.8,OK
WT-005,2026-01-13 08:00:00,Yucatan,4.85,241,32.4,54.7,6.07,2000,54.6,OK
WT-005,2026-01-13 09:00:00,Yucatan,10.52,6,29.9,68.7,13.53,2000,1377.3,OK
WT-005,2026-01-13 10:00:00,Yucatan,7.77,68,27.0,52.7,9.85,2000,536.8,OK
WT-005,2026-01-13 11:00:00,Yucatan,10.7,23,29.1,70.6,11.88,2000,1377.2,OK
WT-005,2026-01-13 12:00:00,Yucatan,7.65,276,39.8,68.2,9.59,2000,451.8,OK
WT-005,2026-01-13 13:00:00,Yucatan,4.25,14,31.4,51.4,5.25,2000,134.1,OK
WT-005,2026-01-13 14:00:00,Yucatan,6.65,338,32.3,58.2,6.52,2000,350.3,OK
WT-005,2026-01-13 15:00:00,Yucatan,13.78,152,23.7,74.2,16.73,2000,2000.0,WARN
WT-005,2026-01-13 16:00:00,Yucatan,7.42,33,28.0,60.4,9.11,2000,503.5,OK
WT-005,2026-01-13 17:00:00,Yucatan,5.75,294,28.8,50.7,7.18,2000,242.6,OK
WT-005,2026-01-13 18:00:00,Yucatan,8.34,79,23.2,49.4,9.9,2000,708.1,OK
WT-005,2026-01-13 19:00:00,Yucatan,9.66,40,33.7,64.8,12.07,2000,992.6,OK
WT-005,2026-01-13 20:00:00,Yucatan,7.58,290,31.5,61.8,8.82,2000,539.8,OK
WT-005,2026-01-13 21:00:00,Yucatan,6.87,179,29.7,55.6,7.67,2000,357.3,OK
WT-005,2026-01-13 22:00:00,Yucatan,5.7,5,24.0,47.2,7.45,2000,247.4,OK
WT-005,2026-01-13 23:00:00,Yucatan,8.71,185,30.6,58.3,11.66,2000,844.3,OK
WT-005,2026-01-14 00:00:00,Yucatan,3.91,61,27.1,49.7,4.61,2000,4.9,OK
WT-005,2026-01-14 01:00:00,Yucatan,6.41,81,22.3,48.0,8.19,2000,269.7,OK
WT-005,2026-01-14 02:00:00,Yucatan,5.95,44,33.7,62.4,7.39,2000,308.9,OK
WT-005,2026-01-14 03:00:00,Yucatan,6.26,323,28.3,48.6,8.5,2000,268.1,OK
WT-005,2026-01-14 04:00:00,Yucatan,10.5,187,26.9,70.2,12.91,2000,1200.0,OK
WT-005,2026-01-14 05:00:00,Yucatan,2.9,293,33.7,56.2,3.67,2000,53.1,OK
WT-005,2026-01-14 06:00:00,Yucatan,10.25,106,18.2,55.8,13.12,2000,1187.6,OK
WT-005,2026-01-14 07:00:00,Yucatan,5.7,138,27.3,48.8,7.38,2000,243.7,OK
WT-005,2026-01-14 08:00:00,Yucatan,11.13,17,31.7,76.8,12.8,2000,1597.1,OK
WT-005,2026-01-14 09:00:00,Yucatan,9.63,270,21.9,52.4,13.12,2000,1046.1,OK
WT-005,2026-01-14 10:00:00,Yucatan,11.73,42,29.9,67.5,15.92,2000,1948.4,OK
WT-005,2026-01-14 11:00:00,Yucatan,5.75,33,23.3,48.4,7.18,2000,193.9,OK
WT-005,2026-01-14 12:00:00,Yucatan,3.76,149,31.6,54.9,4.14,2000,96.7,OK
WT-005,2026-01-14 13:00:00,Yucatan,4.4,92,36.0,60.1,5.14,2000,91.9,OK
WT-005,2026-01-14 14:00:00,Yucatan,5.68,257,21.8,45.1,7.36,2000,250.6,OK
WT-005,2026-01-14 15:00:00,Yucatan,9.19,181,24.7,64.7,12.29,2000,876.3,OK
WT-005,2026-01-14 16:00:00,Yucatan,4.85,346,24.2,46.2,5.85,2000,156.7,OK
WT-005,2026-01-14 17:00:00,Yucatan,12.2,227,28.9,75.2,14.58,2000,2000.0,WARN
WT-005,2026-01-14 18:00:00,Yucatan,7.45,147,28.9,56.7,9.12,2000,468.9,OK
WT-005,2026-01-14 19:00:00,Yucatan,7.65,273,20.5,44.5,9.91,2000,495.0,OK
WT-005,2026-01-14 20:00:00,Yucatan,2.38,187,39.4,58.2,2.98,2000,0.0,OK
WT-005,2026-01-14 21:00:00,Yucatan,7.07,248,30.3,54.5,9.58,2000,419.1,OK
WT-005,2026-01-14 22:00:00,Yucatan,7.43,305,28.1,57.7,7.67,2000,403.2,OK
WT-005,2026-01-14 23:00:00,Yucatan,10.16,209,25.9,63.6,11.88,2000,1205.5,OK
WT-005,2026-01-15 00:00:00,Yucatan,8.74,174,32.4,67.2,12.39,2000,675.2,OK
WT-005,2026-01-15 01:00:00,Yucatan,8.02,79,23.5,56.8,9.25,2000,653.6,OK
WT-005,2026-01-15 02:00:00,Yucatan,1.5,348,32.3,47.2,1.71,2000,0.0,OK
WT-005,2026-01-15 03:00:00,Yucatan,6.21,249,23.2,50.5,7.69,2000,124.9,OK
WT-005,2026-01-15 04:00:00,Yucatan,7.4,308,27.4,51.5,9.27,2000,544.5,OK
WT-005,2026-01-15 05:00:00,Yucatan,4.78,328,29.0,56.8,5.86,2000,53.5,OK
WT-006,2026-01-10 00:00:00,Oaxaca,6.05,299,25.2,46.9,7.21,2000,322.5,OK
WT-006,2026-01-10 01:00:00,Oaxaca,10.41,92,21.2,58.3,12.32,2000,1343.4,OK
WT-006,2026-01-10 02:00:00,Oaxaca,5.97,179,16.8,42.7,6.81,2000,261.5,OK
WT-006,2026-01-10 03:00:00,Oaxaca,4.22,164,20.7,42.5,4.89,2000,91.7,OK
WT-006,2026-01-10 04:00:00,Oaxaca,8.95,17,25.9,59.1,9.57,2000,827.3,OK
WT-006,2026-01-10 05:00:00,Oaxaca,12.27,269,26.1,67.8,16.0,2000,2000.0,WARN
WT-006,2026-01-10 06:00:00,Oaxaca,5.85,172,33.6,60.0,6.98,2000,246.6,OK
WT-006,2026-01-10 07:00:00,Oaxaca,10.31,82,19.2,58.2,10.62,2000,1367.4,OK
WT-006,2026-01-10 08:00:00,Oaxaca,8.89,147,30.3,66.1,11.75,2000,787.4,OK
WT-006,2026-01-10 09:00:00,Oaxaca,8.42,34,16.8,48.5,9.51,2000,773.3,OK
WT-006,2026-01-10 10:00:00,Oaxaca,6.19,40,16.7,41.9,6.81,2000,204.5,OK
WT-006,2026-01-10 11:00:00,Oaxaca,7.58,293,26.1,55.1,9.77,2000,569.3,OK
WT-006,2026-01-10 12:00:00,Oaxaca,4.74,28,20.9,42.0,5.5,2000,111.3,OK
WT-006,2026-01-10 13:00:00,Oaxaca,5.4,24,20.0,44.5,6.47,2000,77.7,OK
WT-006,2026-01-10 14:00:00,Oaxaca,4.55,204,16.9,39.6,5.45,2000,129.7,OK
WT-006,2026-01-10 15:00:00,Oaxaca,8.92,102,24.2,59.6,10.65,2000,772.5,OK
WT-006,2026-01-10 16:00:00,Oaxaca,9.69,42,19.4,54.1,12.81,2000,1082.8,OK
WT-006,2026-01-10 17:00:00,Oaxaca,2.39,9,22.1,41.4,2.92,2000,87.8,OK
WT-006,2026-01-10 18:00:00,Oaxaca,5.41,249,25.4,51.1,5.64,2000,143.9,OK
WT-006,2026-01-10 19:00:00,Oaxaca,9.91,205,26.3,58.7,12.97,2000,1046.9,OK
WT-006,2026-01-10 20:00:00,Oaxaca,5.8,184,26.9,52.2,7.15,2000,280.2,OK
WT-006,2026-01-10 21:00:00,Oaxaca,8.82,138,24.7,59.3,9.39,2000,767.2,OK
WT-006,2026-01-10 22:00:00,Oaxaca,10.86,5,24.8,58.8,13.99,2000,1481.6,OK
WT-006,2026-01-10 23:00:00,Oaxaca,6.78,186,24.8,47.4,7.62,2000,379.1,OK
WT-006,2026-01-11 00:00:00,Oaxaca,9.93,321,27.1,62.8,11.52,2000,1032.1,OK
WT-006,2026-01-11 01:00:00,Oaxaca,5.62,39,24.5,47.9,6.51,2000,283.8,OK
WT-006,2026-01-11 02:00:00,Oaxaca,5.34,43,28.8,49.1,5.89,2000,221.4,OK
WT-006,2026-01-11 03:00:00,Oaxaca,6.36,126,20.6,44.5,7.59,2000,326.2,OK
WT-006,2026-01-11 04:00:00,Oaxaca,11.78,336,24.5,68.1,14.37,2000,1929.7,OK
WT-006,2026-01-11 05:00:00,Oaxaca,8.32,118,20.5,56.6,11.47,2000,707.4,OK
WT-006,2026-01-11 06:00:00,Oaxaca,4.72,6,19.6,40.3,5.74,2000,106.1,OK
WT-006,2026-01-11 07:00:00,Oaxaca,7.08,29,26.8,60.3,8.15,2000,435.0,OK
WT-006,2026-01-11 08:00:00,Oaxaca,8.92,163,21.4,53.8,9.64,2000,749.7,OK
WT-006,2026-01-11 09:00:00,Oaxaca,4.42,221,25.6,47.9,4.81,2000,84.0,OK
WT-006,2026-01-11 10:00:00,Oaxaca,7.16,293,20.7,46.5,8.61,2000,481.6,OK
WT-006,2026-01-11 11:00:00,Oaxaca,7.02,291,26.4,46.8,8.52,2000,408.8,OK
WT-006,2026-01-11 12:00:00,Oaxaca,6.85,33,28.7,51.8,8.43,2000,393.4,OK
WT-006,2026-01-11 13:00:00,Oaxaca,7.87,227,17.0,43.1,10.46,2000,612.0,OK
WT-006,2026-01-11 14:00:00,Oaxaca,10.25,62,20.1,52.6,11.08,2000,1246.3,OK
WT-006,2026-01-11 15:00:00,Oaxaca,11.08,154,25.7,64.7,13.37,2000,1660.0,OK
WT-006,2026-01-11 16:00:00,Oaxaca,7.61,247,21.1,52.3,9.36,2000,673.1,OK
WT-006,2026-01-11 17:00:00,Oaxaca,5.76,112,18.9,38.1,6.72,2000,274.4,OK
WT-006,2026-01-11 18:00:00,Oaxaca,11.84,115,26.7,58.9,13.09,2000,1878.8,OK
WT-006,2026-01-11 19:00:00,Oaxaca,9.51,208,26.8,67.0,10.6,2000,990.4,OK
WT-006,2026-01-11 20:00:00,Oaxaca,4.36,221,23.9,48.3,5.42,2000,111.9,OK
WT-006,2026-01-11 21:00:00,Oaxaca,8.43,52,25.4,56.0,11.0,2000,724.3,OK
WT-006,2026-01-11 22:00:00,Oaxaca,10.03,229,22.4,55.7,11.97,2000,1207.9,OK
WT-006,2026-01-11 23:00:00,Oaxaca,11.47,157,16.9,64.0,12.25,2000,1661.2,OK
WT-006,2026-01-12 00:00:00,Oaxaca,7.94,288,20.4,49.1,9.41,2000,521.0,OK
WT-006,2026-01-12 01:00:00,Oaxaca,4.29,177,22.7,42.8,5.19,2000,106.7,OK
WT-006,2026-01-12 02:00:00,Oaxaca,12.68,65,18.3,60.0,15.42,2000,2000.0,WARN
WT-006,2026-01-12 03:00:00,Oaxaca,10.5,7,28.6,62.2,13.15,2000,1310.3,OK
WT-006,2026-01-12 04:00:00,Oaxaca,7.86,143,22.5,50.4,8.94,2000,586.1,OK
WT-006,2026-01-12 05:00:00,Oaxaca,7.58,191,22.4,52.5,9.19,2000,532.9,OK
WT-006,2026-01-12 06:00:00,Oaxaca,7.36,42,20.8,49.9,9.2,2000,467.9,OK
WT-006,2026-01-12 07:00:00,Oaxaca,6.89,2,24.4,49.0,8.69,2000,321.9,OK
WT-006,2026-01-12 08:00:00,Oaxaca,10.66,53,30.2,70.7,11.92,2000,1316.3,OK
WT-006,2026-01-12 09:00:00,Oaxaca,6.92,177,21.6,50.4,7.83,2000,286.6,OK
WT-006,2026-01-12 10:00:00,Oaxaca,7.34,349,26.7,51.2,8.75,2000,465.0,OK
WT-006,2026-01-12 11:00:00,Oaxaca,10.56,358,23.4,56.0,11.15,2000,1309.9,OK
WT-006,2026-01-12 12:00:00,Oaxaca,3.51,315,31.2,57.3,3.99,2000,61.1,OK
WT-006,2026-01-12 13:00:00,Oaxaca,6.47,262,23.3,53.1,8.22,2000,405.3,OK
WT-006,2026-01-12 14:00:00,Oaxaca,7.48,336,15.1,42.9,9.16,2000,378.1,OK
WT-006,2026-01-12 15:00:00,Oaxaca,5.56,276,28.8,49.6,6.52,2000,114.1,OK
WT-006,2026-01-12 16:00:00,Oaxaca,8.51,271,31.5,59.3,11.57,2000,644.7,OK
WT-006,2026-01-12 17:00:00,Oaxaca,11.17,264,21.1,58.6,13.9,2000,1532.8,OK
WT-006,2026-01-12 18:00:00,Oaxaca,8.2,276,34.4,64.3,9.35,2000,562.7,OK
WT-006,2026-01-12 19:00:00,Oaxaca,3.34,69,30.1,50.7,4.22,2000,24.6,OK
WT-006,2026-01-12 20:00:00,Oaxaca,9.92,108,29.1,63.8,10.85,2000,966.2,OK
WT-006,2026-01-12 21:00:00,Oaxaca,9.14,83,23.7,59.3,11.81,2000,835.8,OK
WT-006,2026-01-12 22:00:00,Oaxaca,12.72,13,27.0,74.1,15.51,2000,2000.0,WARN
WT-006,2026-01-12 23:00:00,Oaxaca,4.54,84,25.8,46.4,4.89,2000,171.2,OK
WT-006,2026-01-13 00:00:00,Oaxaca,12.72,274,31.1,83.2,16.61,2000,2000.0,WARN
WT-006,2026-01-13 01:00:00,Oaxaca,8.1,322,22.7,54.2,8.87,2000,605.5,OK
WT-006,2026-01-13 02:00:00,Oaxaca,10.12,216,24.4,60.0,11.79,2000,1226.7,OK
WT-006,2026-01-13 03:00:00,Oaxaca,2.91,244,26.6,51.0,3.3,2000,43.1,OK
WT-006,2026-01-13 04:00:00,Oaxaca,5.89,302,28.6,50.4,7.11,2000,184.3,OK
WT-006,2026-01-13 05:00:00,Oaxaca,3.58,293,26.1,40.6,3.79,2000,0.0,OK
WT-006,2026-01-13 06:00:00,Oaxaca,6.48,297,22.6,45.6,8.51,2000,344.1,OK
WT-006,2026-01-13 07:00:00,Oaxaca,6.82,315,24.7,58.1,8.4,2000,457.4,OK
WT-006,2026-01-13 08:00:00,Oaxaca,5.41,268,21.3,40.4,6.41,2000,241.3,OK
WT-006,2026-01-13 09:00:00,Oaxaca,6.55,144,24.1,50.2,7.46,2000,345.1,OK
WT-006,2026-01-13 10:00:00,Oaxaca,6.65,81,20.1,44.8,8.01,2000,433.9,OK
WT-006,2026-01-13 11:00:00,Oaxaca,9.68,129,24.0,61.3,12.54,2000,1202.3,OK
WT-006,2026-01-13 12:00:00,Oaxaca,7.16,193,23.0,52.1,9.03,2000,303.3,OK
WT-006,2026-01-13 13:00:00,Oaxaca,6.69,26,21.5,45.9,7.53,2000,312.2,OK
WT-006,2026-01-13 14:00:00,Oaxaca,4.07,71,19.5,40.3,4.4,2000,89.1,OK
WT-006,2026-01-13 15:00:00,Oaxaca,6.69,124,30.8,57.4,8.16,2000,386.5,OK
WT-006,2026-01-13 16:00:00,Oaxaca,6.39,32,22.3,46.4,7.5,2000,271.8,OK
WT-006,2026-01-13 17:00:00,Oaxaca,7.45,45,25.1,55.7,9.41,2000,390.6,OK
WT-006,2026-01-13 18:00:00,Oaxaca,7.05,212,22.9,46.9,8.61,2000,346.4,OK
WT-006,2026-01-13 19:00:00,Oaxaca,5.93,169,15.9,42.2,7.4,2000,288.1,OK
WT-006,2026-01-13 20:00:00,Oaxaca,10.53,82,28.6,67.3,12.35,2000,1285.8,OK
WT-006,2026-01-13 21:00:00,Oaxaca,3.62,214,23.9,43.9,4.19,2000,52.2,OK
WT-006,2026-01-13 22:00:00,Oaxaca,12.29,112,29.5,76.4,14.13,2000,2000.0,WARN
WT-006,2026-01-13 23:00:00,Oaxaca,9.04,158,18.6,55.8,11.65,2000,747.3,OK
WT-006,2026-01-14 00:00:00,Oaxaca,5.91,198,26.9,54.1,6.86,2000,143.2,OK
WT-006,2026-01-14 01:00:00,Oaxaca,8.87,250,22.7,51.4,10.96,2000,787.2,OK
WT-006,2026-01-14 02:00:00,Oaxaca,7.99,122,20.9,52.5,10.76,2000,645.8,OK
WT-006,2026-01-14 03:00:00,Oaxaca,9.16,322,30.4,62.4,11.28,2000,951.5,OK
WT-006,2026-01-14 04:00:00,Oaxaca,9.73,233,24.0,57.1,11.57,2000,989.7,OK
WT-006,2026-01-14 05:00:00,Oaxaca,10.29,270,22.7,61.5,12.05,2000,1227.6,OK
WT-006,2026-01-14 06:00:00,Oaxaca,3.18,103,25.7,47.9,4.05,2000,93.5,OK
WT-006,2026-01-14 07:00:00,Oaxaca,7.82,167,32.7,59.3,9.28,2000,586.3,OK
WT-006,2026-01-14 08:00:00,Oaxaca,8.63,255,35.2,72.1,10.52,2000,763.9,OK
WT-006,2026-01-14 09:00:00,Oaxaca,6.69,269,23.5,50.5,7.82,2000,265.1,OK
WT-006,2026-01-14 10:00:00,Oaxaca,9.35,111,16.9,48.4,12.17,2000,895.1,OK
WT-006,2026-01-14 11:00:00,Oaxaca,4.06,74,25.8,45.2,5.05,2000,193.4,OK
WT-006,2026-01-14 12:00:00,Oaxaca,7.92,132,17.9,46.6,9.34,2000,614.3,OK
WT-006,2026-01-14 13:00:00,Oaxaca,10.63,333,22.8,56.2,12.82,2000,1337.4,OK
WT-006,2026-01-14 14:00:00,Oaxaca,6.59,356,23.6,48.3,8.47,2000,226.2,OK
WT-006,2026-01-14 15:00:00,Oaxaca,7.07,169,18.0,48.1,9.65,2000,460.2,OK
WT-006,2026-01-14 16:00:00,Oaxaca,5.91,123,26.8,48.0,6.78,2000,213.1,OK
WT-006,2026-01-14 17:00:00,Oaxaca,4.06,48,25.8,42.4,4.59,2000,80.1,OK
WT-006,2026-01-14 18:00:00,Oaxaca,9.98,37,20.4,54.7,12.0,2000,1051.9,OK
WT-006,2026-01-14 19:00:00,Oaxaca,4.72,139,29.6,45.3,5.84,2000,92.5,OK
WT-006,2026-01-14 20:00:00,Oaxaca,7.3,256,25.0,51.1,8.85,2000,540.4,OK
WT-006,2026-01-14 21:00:00,Oaxaca,9.5,145,21.1,56.7,12.43,2000,1136.8,OK
WT-006,2026-01-14 22:00:00,Oaxaca,1.47,181,23.3,39.3,1.72,2000,137.9,OK
WT-006,2026-01-14 23:00:00,Oaxaca,4.76,65,32.6,59.0,5.0,2000,0.0,OK
WT-006,2026-01-15 00:00:00,Oaxaca,3.24,194,27.1,41.0,4.03,2000,104.1,OK
WT-006,2026-01-15 01:00:00,Oaxaca,8.12,256,27.9,58.4,10.0,2000,737.0,OK
WT-006,2026-01-15 02:00:00,Oaxaca,4.79,1,26.3,45.6,6.13,2000,150.4,OK
WT-006,2026-01-15 03:00:00,Oaxaca,6.56,124,26.1,53.3,8.33,2000,389.6,OK
WT-006,2026-01-15 04:00:00,Oaxaca,11.05,203,22.4,58.6,13.64,2000,1475.3,OK
WT-006,2026-01-15 05:00:00,Oaxaca,6.31,60,20.5,47.7,7.01,2000,229.6,OK
WT-006,2026-01-15 06:00:00,Oaxaca,4.29,121,21.7,42.1,5.63,2000,10.2,OK
WT-006,2026-01-15 07:00:00,Oaxaca,1.74,133,25.8,45.6,2.14,2000,45.5,OK
WT-006,2026-01-15 08:00:00,Oaxaca,12.73,316,30.2,78.5,14.53,2000,2000.0,WARN
WT-006,2026-01-15 09:00:00,Oaxaca,6.44,342,26.1,40.8,7.68,2000,360.5,OK
WT-006,2026-01-15 10:00:00,Oaxaca,5.98,334,29.5,58.2,6.82,2000,276.0,OK
WT-006,2026-01-15 11:00:00,Oaxaca,10.14,119,26.5,58.9,10.56,2000,1079.4,OK
WT-006,2026-01-15 12:00:00,Oaxaca,9.8,347,31.6,66.2,10.26,2000,1110.3,OK
WT-006,2026-01-15 13:00:00,Oaxaca,4.55,326,23.8,46.4,4.43,2000,172.9,OK
WT-006,2026-01-15 14:00:00,Oaxaca,3.53,185,27.2,41.8,4.36,2000,39.0,OK
WT-006,2026-01-15 15:00:00,Oaxaca,6.4,295,28.7,52.0,7.46,2000,314.0,OK
WT-006,2026-01-15 16:00:00,Oaxaca,7.62,68,27.0,57.2,8.74,2000,498.2,OK
WT-006,2026-01-15 17:00:00,Oaxaca,8.17,198,23.8,56.0,8.94,2000,622.9,OK
WT-006,2026-01-15 18:00:00,Oaxaca,5.99,218,14.8,42.1,6.75,2000,275.5,OK
WT-006,2026-01-15 19:00:00,Oaxaca,8.76,345,13.2,48.6,11.09,2000,764.9,OK
WT-006,2026-01-15 20:00:00,Oaxaca,13.86,147,26.4,79.4,16.68,2000,2000.0,WARN
WT-006,2026-01-15 21:00:00,Oaxaca,6.65,153,15.7,41.0,8.06,2000,446.5,OK
WT-006,2026-01-15 22:00:00,Oaxaca,5.47,268,29.3,55.9,6.5,2000,124.1,OK
WT-006,2026-01-15 23:00:00,Oaxaca,8.13,190,22.9,46.3,10.53,2000,639.6,OK
WT-006,2026-01-16 00:00:00,Oaxaca,9.14,81,22.7,57.4,10.83,2000,923.0,OK
WT-006,2026-01-16 01:00:00,Oaxaca,5.94,75,25.3,41.8,7.62,2000,147.8,OK
WT-006,2026-01-16 02:00:00,Oaxaca,9.1,17,25.8,56.6,9.95,2000,794.8,OK
WT-006,2026-01-16 03:00:00,Oaxaca,4.92,110,35.8,56.6,5.25,2000,150.1,OK
WT-006,2026-01-16 04:00:00,Oaxaca,5.96,184,21.9,42.0,6.94,2000,273.7,OK
WT-006,2026-01-16 05:00:00,Oaxaca,9.5,22,19.7,54.4,12.63,2000,1037.9,OK
WT-007,2026-01-11 00:00:00,Sonora,3.11,105,32.0,47.2,3.95,2000,20.1,OK
WT-007,2026-01-11 01:00:00,Sonora,7.15,176,28.1,53.8,9.06,2000,464.3,OK
WT-007,2026-01-11 02:00:00,Sonora,9.45,160,25.9,60.0,10.52,2000,954.8,OK
WT-007,2026-01-11 03:00:00,Sonora,5.12,273,35.9,56.1,6.3,2000,78.8,OK
WT-007,2026-01-11 04:00:00,Sonora,9.68,86,35.8,69.3,12.93,2000,905.4,OK
WT-007,2026-01-11 05:00:00,Sonora,9.31,244,29.6,66.1,11.45,2000,939.6,OK
WT-007,2026-01-11 06:00:00,Sonora,6.51,70,31.3,60.9,7.36,2000,197.6,OK
WT-007,2026-01-11 07:00:00,Sonora,10.21,125,31.0,69.5,11.23,2000,1222.4,OK
WT-007,2026-01-11 08:00:00,Sonora,4.94,297,28.3,50.8,5.75,2000,136.4,OK
WT-007,2026-01-11 09:00:00,Sonora,9.43,201,27.6,58.3,11.39,2000,963.0,OK
WT-007,2026-01-11 10:00:00,Sonora,9.38,122,42.0,73.1,12.51,2000,1040.4,OK
WT-007,2026-01-11 11:00:00,Sonora,10.09,146,29.9,63.2,11.04,2000,1147.1,OK
WT-007,2026-01-11 12:00:00,Sonora,3.45,95,35.1,52.0,4.32,2000,0.0,OK
WT-007,2026-01-11 13:00:00,Sonora,10.52,132,31.5,67.0,10.76,2000,1254.6,OK
WT-007,2026-01-11 14:00:00,Sonora,6.08,175,32.4,57.9,8.39,2000,221.1,OK
WT-007,2026-01-11 15:00:00,Sonora,11.95,49,32.9,73.5,14.46,2000,1990.7,WARN
WT-007,2026-01-11 16:00:00,Sonora,11.23,353,33.1,71.4,14.3,2000,1581.6,OK
WT-007,2026-01-11 17:00:00,Sonora,4.14,14,33.1,59.1,5.57,2000,188.1,OK
WT-007,2026-01-11 18:00:00,Sonora,8.86,105,36.6,69.1,10.69,2000,821.9,OK
WT-007,2026-01-11 19:00:00,Sonora,5.5,49,29.8,56.6,5.8,2000,245.0,OK
WT-007,2026-01-11 20:00:00,Sonora,7.73,198,36.6,64.9,9.42,2000,587.7,OK
WT-007,2026-01-11 21:00:00,Sonora,6.65,39,28.4,50.9,8.08,2000,346.1,OK
WT-007,2026-01-11 22:00:00,Sonora,8.39,156,28.1,58.0,10.57,2000,708.9,OK
WT-007,2026-01-11 23:00:00,Sonora,5.13,256,32.5,52.9,6.27,2000,213.5,OK
WT-007,2026-01-12 00:00:00,Sonora,3.51,59,33.6,53.0,4.38,2000,18.8,OK
WT-007,2026-01-12 01:00:00,Sonora,7.08,185,25.2,50.3,7.66,2000,381.4,OK
WT-007,2026-01-12 02:00:00,Sonora,6.98,133,29.2,54.2,8.42,2000,322.0,OK
WT-007,2026-01-12 03:00:00,Sonora,8.99,292,29.4,61.6,10.88,2000,883.6,OK
WT-007,2026-01-12 04:00:00,Sonora,10.99,61,31.8,68.0,13.82,2000,1478.0,OK
WT-007,2026-01-12 05:00:00,Sonora,4.14,210,42.0,68.4,4.69,2000,48.2,OK
WT-007,2026-01-12 06:00:00,Sonora,7.27,27,23.3,49.8,8.71,2000,405.6,OK
WT-007,2026-01-12 07:00:00,Sonora,7.52,328,24.4,53.3,9.68,2000,551.2,OK
WT-007,2026-01-12 08:00:00,Sonora,9.65,74,24.6,59.6,11.98,2000,980.7,OK
WT-007,2026-01-12 09:00:00,Sonora,10.01,151,38.6,72.8,12.49,2000,1134.2,OK
WT-007,2026-01-12 10:00:00,Sonora,10.25,284,29.4,62.9,15.25,2000,1286.8,OK
WT-007,2026-01-12 11:00:00,Sonora,11.22,127,29.4,71.0,12.9,2000,1706.8,OK
WT-007,2026-01-12 12:00:00,Sonora,8.62,156,34.7,67.3,10.34,2000,655.5,OK
WT-007,2026-01-12 13:00:00,Sonora,6.73,38,35.6,65.3,9.07,2000,427.3,OK
WT-007,2026-01-12 14:00:00,Sonora,11.47,80,26.7,70.5,12.4,2000,1773.8,OK
WT-007,2026-01-12 15:00:00,Sonora,8.76,238,33.9,67.1,10.83,2000,848.0,OK
WT-007,2026-01-12 16:00:00,Sonora,6.54,59,35.0,66.2,7.73,2000,282.4,OK
WT-007,2026-01-12 17:00:00,Sonora,11.63,268,26.6,65.4,13.78,2000,1867.2,OK
WT-007,2026-01-12 18:00:00,Sonora,6.8,123,36.8,66.4,8.54,2000,456.5,OK
WT-007,2026-01-12 19:00:00,Sonora,11.83,203,25.7,70.3,14.85,2000,1964.8,WARN
WT-007,2026-01-12 20:00:00,Sonora,4.45,201,30.4,54.8,5.4,2000,122.2,OK
WT-007,2026-01-12 21:00:00,Sonora,10.33,172,32.3,70.3,12.01,2000,1341.8,OK
WT-007,2026-01-12 22:00:00,Sonora,5.55,105,30.1,49.7,6.47,2000,196.0,OK
WT-007,2026-01-12 23:00:00,Sonora,4.46,185,25.9,41.7,5.02,2000,126.0,OK
WT-007,2026-01-13 00:00:00,Sonora,12.19,161,35.5,74.1,15.09,2000,2000.0,WARN
WT-007,2026-01-13 01:00:00,Sonora,9.5,298,29.0,61.7,12.19,2000,1040.8,OK
WT-007,2026-01-13 02:00:00,Sonora,7.36,300,28.5,59.3,7.48,2000,535.6,OK
WT-007,2026-01-13 03:00:00,Sonora,8.7,91,25.4,60.0,11.91,2000,745.7,OK
WT-007,2026-01-13 04:00:00,Sonora,7.45,94,29.2,61.9,8.05,2000,456.2,OK
WT-007,2026-01-13 05:00:00,Sonora,8.57,187,21.5,53.0,11.0,2000,710.2,OK
WT-007,2026-01-13 06:00:00,Sonora,5.81,49,31.1,56.3,7.22,2000,264.8,OK
WT-007,2026-01-13 07:00:00,Sonora,8.61,120,30.4,56.5,11.18,2000,770.1,OK
WT-007,2026-01-13 08:00:00,Sonora,10.48,353,31.1,66.9,12.78,2000,1328.6,OK
WT-007,2026-01-13 09:00:00,Sonora,7.66,141,31.0,61.4,10.64,2000,473.6,OK
WT-007,2026-01-13 10:00:00,Sonora,8.05,176,26.2,51.6,9.56,2000,639.9,OK
WT-007,2026-01-13 11:00:00,Sonora,8.67,59,29.1,62.0,10.67,2000,702.8,OK
WT-007,2026-01-13 12:00:00,Sonora,9.26,307,32.3,67.2,10.26,2000,916.9,OK
WT-007,2026-01-13 13:00:00,Sonora,8.22,222,34.9,65.6,9.91,2000,522.2,OK
WT-007,2026-01-13 14:00:00,Sonora,7.68,286,37.1,72.2,8.71,2000,457.5,OK
WT-007,2026-01-13 15:00:00,Sonora,10.42,35,35.3,69.5,13.67,2000,1375.9,OK
WT-007,2026-01-13 16:00:00,Sonora,8.42,139,29.0,62.5,9.07,2000,686.2,OK
WT-007,2026-01-13 17:00:00,Sonora,5.19,147,22.9,47.7,6.7,2000,93.7,OK
WT-007,2026-01-13 18:00:00,Sonora,9.49,152,32.1,67.5,10.91,2000,1001.7,OK
WT-007,2026-01-13 19:00:00,Sonora,9.22,51,33.8,71.8,11.16,2000,1009.1,OK
WT-007,2026-01-13 20:00:00,Sonora,12.81,292,32.4,77.2,15.99,2000,2000.0,WARN
WT-007,2026-01-13 21:00:00,Sonora,11.57,87,22.1,61.6,14.15,2000,1771.1,OK
WT-007,2026-01-13 22:00:00,Sonora,10.68,90,30.4,66.1,12.72,2000,1538.3,OK
WT-007,2026-01-13 23:00:00,Sonora,4.21,200,21.8,44.3,5.37,2000,143.7,OK
WT-007,2026-01-14 00:00:00,Sonora,8.69,311,31.4,61.8,9.81,2000,771.3,OK
WT-007,2026-01-14 01:00:00,Sonora,9.98,111,29.4,63.4,12.26,2000,1184.3,OK
WT-007,2026-01-14 02:00:00,Sonora,9.38,192,24.7,54.4,11.09,2000,970.9,OK
WT-007,2026-01-14 03:00:00,Sonora,8.51,281,33.7,64.3,9.6,2000,755.9,OK
WT-007,2026-01-14 04:00:00,Sonora,3.44,90,36.0,59.8,4.05,2000,52.5,OK
WT-007,2026-01-14 05:00:00,Sonora,6.69,39,33.1,60.5,7.61,2000,302.8,OK
WT-007,2026-01-14 06:00:00,Sonora,8.53,286,39.6,64.6,10.07,2000,707.9,OK
WT-007,2026-01-14 07:00:00,Sonora,12.04,149,26.0,73.8,14.28,2000,2000.0,WARN
WT-007,2026-01-14 08:00:00,Sonora,7.65,316,35.3,65.6,9.47,2000,557.5,OK
WT-007,2026-01-14 09:00:00,Sonora,5.63,318,34.8,58.8,7.03,2000,178.0,OK
WT-007,2026-01-14 10:00:00,Sonora,6.76,254,30.8,57.5,8.28,2000,360.9,OK
WT-007,2026-01-14 11:00:00,Sonora,11.34,283,22.8,61.1,13.22,2000,1707.4,OK
WT-007,2026-01-14 12:00:00,Sonora,5.73,201,30.3,54.8,6.89,2000,327.5,OK
WT-007,2026-01-14 13:00:00,Sonora,6.25,263,29.2,55.8,7.6,2000,346.6,OK
WT-007,2026-01-14 14:00:00,Sonora,9.72,236,25.0,63.1,12.54,2000,1068.3,OK
WT-007,2026-01-14 15:00:00,Sonora,8.79,25,28.7,59.8,11.1,2000,776.5,OK
WT-007,2026-01-14 16:00:00,Sonora,9.37,176,34.4,65.6,10.36,2000,921.1,OK
WT-007,2026-01-14 17:00:00,Sonora,6.69,320,33.5,61.3,8.62,2000,365.8,OK
WT-007,2026-01-14 18:00:00,Sonora,5.63,1,22.6,46.3,6.22,2000,281.9,OK
WT-007,2026-01-14 19:00:00,Sonora,6.01,143,32.5,58.4,7.3,2000,172.5,OK
WT-007,2026-01-14 20:00:00,Sonora,5.01,278,28.3,51.4,5.82,2000,154.8,OK
WT-007,2026-01-14 21:00:00,Sonora,8.25,207,24.6,55.4,9.77,2000,636.9,OK
WT-007,2026-01-14 22:00:00,Sonora,3.92,54,36.6,55.0,4.34,2000,153.1,OK
WT-007,2026-01-14 23:00:00,Sonora,7.71,69,33.6,66.9,8.76,2000,553.8,OK
WT-007,2026-01-15 00:00:00,Sonora,5.47,172,25.0,49.7,6.22,2000,163.9,OK
WT-007,2026-01-15 01:00:00,Sonora,6.29,203,33.4,53.1,8.22,2000,247.3,OK
WT-007,2026-01-15 02:00:00,Sonora,11.2,63,32.3,78.0,13.21,2000,1558.9,OK
WT-007,2026-01-15 03:00:00,Sonora,14.03,144,33.1,85.2,16.37,2000,2000.0,WARN
WT-007,2026-01-15 04:00:00,Sonora,8.25,209,32.8,61.2,8.99,2000,725.6,OK
WT-007,2026-01-15 05:00:00,Sonora,8.19,254,25.9,52.4,9.55,2000,711.7,OK
WT-007,2026-01-15 06:00:00,Sonora,6.68,173,25.6,52.3,8.3,2000,350.2,OK
WT-007,2026-01-15 07:00:00,Sonora,6.28,24,28.8,56.6,7.77,2000,200.4,OK
WT-007,2026-01-15 08:00:00,Sonora,7.2,96,21.7,49.4,8.84,2000,441.9,OK
WT-007,2026-01-15 09:00:00,Sonora,8.62,55,28.0,57.7,11.21,2000,817.6,OK
WT-007,2026-01-15 10:00:00,Sonora,6.0,116,31.2,58.1,7.23,2000,235.3,OK
WT-007,2026-01-15 11:00:00,Sonora,6.96,17,29.1,56.6,7.57,2000,477.9,OK
WT-007,2026-01-15 12:00:00,Sonora,4.68,167,37.0,60.1,5.3,2000,130.7,OK
WT-007,2026-01-15 13:00:00,Sonora,5.31,56,25.8,50.0,6.6,2000,307.8,OK
WT-007,2026-01-15 14:00:00,Sonora,11.99,130,36.2,83.1,14.74,2000,2000.0,WARN
WT-007,2026-01-15 15:00:00,Sonora,9.35,181,33.8,65.3,10.53,2000,900.0,OK
WT-007,2026-01-15 16:00:00,Sonora,11.23,35,33.1,69.5,13.89,2000,1605.4,OK
WT-007,2026-01-15 17:00:00,Sonora,5.28,204,41.4,61.0,6.19,2000,169.6,OK
WT-007,2026-01-15 18:00:00,Sonora,8.37,82,37.3,71.2,10.89,2000,681.6,OK
WT-007,2026-01-15 19:00:00,Sonora,9.04,55,42.0,70.6,12.47,2000,794.1,OK
WT-007,2026-01-15 20:00:00,Sonora,4.78,350,31.5,52.5,5.92,2000,100.2,OK
WT-007,2026-01-15 21:00:00,Sonora,10.42,349,27.8,68.2,12.96,2000,1338.1,OK
WT-007,2026-01-15 22:00:00,Sonora,6.62,49,25.7,47.0,8.45,2000,327.7,OK
WT-007,2026-01-15 23:00:00,Sonora,7.54,252,33.5,57.3,9.31,2000,554.1,OK
WT-007,2026-01-16 00:00:00,Sonora,7.45,130,31.4,54.4,8.31,2000,461.3,OK
WT-007,2026-01-16 01:00:00,Sonora,9.61,354,32.9,67.0,10.59,2000,1039.4,OK
WT-007,2026-01-16 02:00:00,Sonora,8.55,154,24.0,53.0,9.42,2000,778.9,OK
WT-007,2026-01-16 03:00:00,Sonora,6.19,260,26.5,51.1,7.24,2000,251.5,OK
WT-007,2026-01-16 04:00:00,Sonora,8.54,305,20.1,55.8,10.24,2000,751.7,OK
WT-007,2026-01-16 05:00:00,Sonora,5.8,73,37.6,63.0,6.42,2000,112.1,OK
WT-007,2026-01-16 06:00:00,Sonora,9.7,196,36.2,68.6,12.22,2000,1088.4,OK
WT-007,2026-01-16 07:00:00,Sonora,5.44,218,27.5,50.2,7.16,2000,169.8,OK
WT-007,2026-01-16 08:00:00,Sonora,6.09,23,26.3,49.7,6.74,2000,257.2,OK
WT-007,2026-01-16 09:00:00,Sonora,5.35,296,29.9,49.8,6.44,2000,240.9,OK
WT-007,2026-01-16 10:00:00,Sonora,7.63,177,27.1,55.0,9.86,2000,631.1,OK
WT-007,2026-01-16 11:00:00,Sonora,7.6,104,29.6,62.2,8.82,2000,410.5,OK
WT-007,2026-01-16 12:00:00,Sonora,8.35,73,34.1,63.6,10.45,2000,660.4,OK
WT-007,2026-01-16 13:00:00,Sonora,14.69,254,34.5,90.2,19.33,2000,2000.0,WARN
WT-007,2026-01-16 14:00:00,Sonora,13.24,351,38.1,87.4,16.03,2000,2000.0,WARN
WT-007,2026-01-16 15:00:00,Sonora,6.86,199,21.8,47.8,8.07,2000,328.9,OK
WT-007,2026-01-16 16:00:00,Sonora,6.82,51,30.7,59.0,7.29,2000,332.7,OK
WT-007,2026-01-16 17:00:00,Sonora,8.63,139,27.9,55.1,10.38,2000,785.9,OK
WT-007,2026-01-16 18:00:00,Sonora,10.42,351,23.6,59.7,13.57,2000,1235.7,OK
WT-007,2026-01-16 19:00:00,Sonora,7.61,33,23.0,50.2,8.69,2000,429.7,OK
WT-007,2026-01-16 20:00:00,Sonora,5.12,247,42.0,63.3,5.47,2000,88.9,OK
WT-007,2026-01-16 21:00:00,Sonora,6.55,136,26.3,51.4,7.89,2000,370.8,OK
WT-007,2026-01-16 22:00:00,Sonora,4.56,83,30.2,49.9,4.93,2000,0.0,OK
WT-007,2026-01-16 23:00:00,Sonora,12.35,5,32.3,79.7,12.89,2000,2000.0,WARN
WT-007,2026-01-17 00:00:00,Sonora,2.33,335,34.5,57.0,2.98,2000,65.0,OK
WT-007,2026-01-17 01:00:00,Sonora,6.59,34,30.8,49.8,7.86,2000,316.0,OK
WT-007,2026-01-17 02:00:00,Sonora,8.7,154,41.9,75.1,10.74,2000,792.6,OK
WT-007,2026-01-17 03:00:00,Sonora,8.97,238,26.5,64.3,12.76,2000,872.2,OK
WT-007,2026-01-17 04:00:00,Sonora,6.04,53,25.6,48.3,7.28,2000,200.3,OK
WT-007,2026-01-17 05:00:00,Sonora,6.7,296,34.2,65.1,8.01,2000,335.3,OK
WT-008,2026-01-12 00:00:00,Tamaulipas,7.41,185,22.9,50.6,8.17,2000,483.2,OK
WT-008,2026-01-12 01:00:00,Tamaulipas,4.96,93,26.6,51.5,5.73,2000,263.7,OK
WT-008,2026-01-12 02:00:00,Tamaulipas,8.96,116,15.6,45.5,10.75,2000,776.2,OK
WT-008,2026-01-12 03:00:00,Tamaulipas,5.9,49,30.2,52.6,7.37,2000,135.2,OK
WT-008,2026-01-12 04:00:00,Tamaulipas,7.23,273,27.3,54.4,8.69,2000,380.1,OK
WT-008,2026-01-12 05:00:00,Tamaulipas,6.86,242,23.9,52.2,7.54,2000,447.9,OK
WT-008,2026-01-12 06:00:00,Tamaulipas,11.76,83,36.8,79.2,14.92,2000,1968.3,WARN
WT-008,2026-01-12 07:00:00,Tamaulipas,8.9,131,27.8,63.4,10.83,2000,823.7,OK
WT-008,2026-01-12 08:00:00,Tamaulipas,11.09,99,33.3,72.1,13.91,2000,1652.6,OK
WT-008,2026-01-12 09:00:00,Tamaulipas,9.76,85,32.0,66.0,12.79,2000,1137.0,OK
WT-008,2026-01-12 10:00:00,Tamaulipas,9.45,324,28.7,61.5,11.48,2000,956.2,OK
WT-008,2026-01-12 11:00:00,Tamaulipas,11.76,21,25.9,68.8,14.37,2000,1880.9,OK
WT-008,2026-01-12 12:00:00,Tamaulipas,8.07,273,24.4,62.6,10.32,2000,579.4,OK
WT-008,2026-01-12 13:00:00,Tamaulipas,8.84,45,29.6,58.0,10.99,2000,900.4,OK
WT-008,2026-01-12 14:00:00,Tamaulipas,8.47,162,29.4,56.0,9.99,2000,753.5,OK
WT-008,2026-01-12 15:00:00,Tamaulipas,6.94,199,29.1,56.5,9.44,2000,355.5,OK
WT-008,2026-01-12 16:00:00,Tamaulipas,6.32,299,14.7,34.7,7.99,2000,268.1,OK
WT-008,2026-01-12 17:00:00,Tamaulipas,9.43,91,30.6,64.6,12.31,2000,996.3,OK
WT-008,2026-01-12 18:00:00,Tamaulipas,5.04,268,33.6,57.5,6.23,2000,258.0,OK
WT-008,2026-01-12 19:00:00,Tamaulipas,9.13,74,22.7,53.7,12.19,2000,945.9,OK
WT-008,2026-01-12 20:00:00,Tamaulipas,9.87,197,30.9,64.3,12.25,2000,1221.2,OK
WT-008,2026-01-12 21:00:00,Tamaulipas,9.21,193,29.4,61.3,11.6,2000,923.2,OK
WT-008,2026-01-12 22:00:00,Tamaulipas,9.31,308,33.9,65.3,12.09,2000,753.8,OK
WT-008,2026-01-12 23:00:00,Tamaulipas,7.61,89,29.5,58.2,9.46,2000,457.8,OK
WT-008,2026-01-13 00:00:00,Tamaulipas,7.35,266,28.7,56.0,8.61,2000,450.1,OK
WT-008,2026-01-13 01:00:00,Tamaulipas,10.47,132,27.2,65.7,13.4,2000,1378.4,OK
WT-008,2026-01-13 02:00:00,Tamaulipas,9.34,277,33.2,57.8,11.3,2000,855.6,OK
WT-008,2026-01-13 03:00:00,Tamaulipas,7.45,9,20.6,45.4,8.3,2000,340.8,OK
WT-008,2026-01-13 04:00:00,Tamaulipas,12.51,215,17.4,60.0,15.34,2000,2000.0,WARN
WT-008,2026-01-13 05:00:00,Tamaulipas,10.15,111,30.7,71.5,13.31,2000,1269.4,OK
WT-008,2026-01-13 06:00:00,Tamaulipas,10.1,51,37.4,75.8,12.81,2000,1233.4,OK
WT-008,2026-01-13 07:00:00,Tamaulipas,8.21,213,25.6,54.5,9.86,2000,639.6,OK
WT-008,2026-01-13 08:00:00,Tamaulipas,8.17,79,20.4,45.3,8.96,2000,651.2,OK
WT-008,2026-01-13 09:00:00,Tamaulipas,7.34,122,27.3,56.1,9.08,2000,456.7,OK
WT-008,2026-01-13 10:00:00,Tamaulipas,9.13,155,29.1,60.9,10.69,2000,825.4,OK
WT-008,2026-01-13 11:00:00,Tamaulipas,11.31,344,25.8,65.7,12.9,2000,1666.7,OK
WT-008,2026-01-13 12:00:00,Tamaulipas,8.19,118,31.8,58.8,9.41,2000,685.0,OK
WT-008,2026-01-13 13:00:00,Tamaulipas,14.06,169,34.6,86.9,16.48,2000,2000.0,WARN
WT-008,2026-01-13 14:00:00,Tamaulipas,12.5,69,26.9,64.5,13.28,2000,2000.0,WARN
WT-008,2026-01-13 15:00:00,Tamaulipas,9.59,316,23.4,54.6,10.47,2000,950.9,OK
WT-008,2026-01-13 16:00:00,Tamaulipas,8.63,252,20.8,52.2,11.3,2000,719.2,OK
WT-008,2026-01-13 17:00:00,Tamaulipas,12.31,319,28.8,74.6,15.47,2000,2000.0,WARN
WT-008,2026-01-13 18:00:00,Tamaulipas,10.63,254,26.2,64.2,12.73,2000,1479.0,OK
WT-008,2026-01-13 19:00:00,Tamaulipas,11.13,84,28.2,69.9,12.69,2000,1622.6,OK
WT-008,2026-01-13 20:00:00,Tamaulipas,11.47,316,26.9,62.0,13.66,2000,1790.4,OK
WT-008,2026-01-13 21:00:00,Tamaulipas,7.6,174,24.5,52.0,9.69,2000,491.3,OK
WT-008,2026-01-13 22:00:00,Tamaulipas,12.53,355,30.8,74.3,14.69,2000,2000.0,WARN
WT-008,2026-01-13 23:00:00,Tamaulipas,10.09,46,22.0,61.0,13.06,2000,1160.7,OK
WT-008,2026-01-14 00:00:00,Tamaulipas,9.96,163,26.1,63.8,13.22,2000,1158.4,OK
WT-008,2026-01-14 01:00:00,Tamaulipas,10.99,135,33.5,69.8,12.12,2000,1500.9,OK
WT-008,2026-01-14 02:00:00,Tamaulipas,8.99,152,31.6,61.2,9.73,2000,852.6,OK
WT-008,2026-01-14 03:00:00,Tamaulipas,7.04,270,30.9,59.6,8.39,2000,426.5,OK
WT-008,2026-01-14 04:00:00,Tamaulipas,9.56,273,26.2,61.0,11.89,2000,1033.2,OK
WT-008,2026-01-14 05:00:00,Tamaulipas,10.42,114,25.9,63.2,11.79,2000,1207.8,OK
WT-008,2026-01-14 06:00:00,Tamaulipas,10.4,245,24.2,63.4,11.55,2000,1264.6,OK
WT-008,2026-01-14 07:00:00,Tamaulipas,9.62,282,33.1,65.1,12.31,2000,976.9,OK
WT-008,2026-01-14 08:00:00,Tamaulipas,11.58,112,25.0,63.9,12.79,2000,1685.5,OK
WT-008,2026-01-14 09:00:00,Tamaulipas,6.55,249,26.8,58.1,8.78,2000,160.6,OK
WT-008,2026-01-14 10:00:00,Tamaulipas,10.07,344,24.3,57.4,12.88,2000,1194.3,OK
WT-008,2026-01-14 11:00:00,Tamaulipas,4.24,181,25.3,51.1,4.96,2000,177.7,OK
WT-008,2026-01-14 12:00:00,Tamaulipas,12.64,231,27.6,68.5,16.17,2000,2000.0,WARN
WT-008,2026-01-14 13:00:00,Tamaulipas,9.42,73,33.5,69.2,12.16,2000,1008.9,OK
WT-008,2026-01-14 14:00:00,Tamaulipas,9.52,215,30.3,63.4,10.47,2000,1025.1,OK
WT-008,2026-01-14 15:00:00,Tamaulipas,9.59,270,33.4,68.7,11.45,2000,1053.5,OK
WT-008,2026-01-14 16:00:00,Tamaulipas,9.25,16,37.4,72.1,11.76,2000,908.3,OK
WT-008,2026-01-14 17:00:00,Tamaulipas,7.55,191,23.9,47.5,8.91,2000,495.9,OK
WT-008,2026-01-14 18:00:00,Tamaulipas,7.14,249,24.3,50.3,7.91,2000,429.3,OK
WT-008,2026-01-14 19:00:00,Tamaulipas,10.78,320,29.2,68.8,11.84,2000,1461.3,OK
WT-008,2026-01-14 20:00:00,Tamaulipas,7.41,233,24.9,54.8,9.83,2000,447.4,OK
WT-008,2026-01-14 21:00:00,Tamaulipas,14.19,147,22.5,73.4,17.46,2000,2000.0,WARN
WT-008,2026-01-14 22:00:00,Tamaulipas,4.64,310,26.3,48.9,5.88,2000,117.4,OK
WT-008,2026-01-14 23:00:00,Tamaulipas,12.81,73,26.6,76.9,16.13,2000,2000.0,WARN
WT-008,2026-01-15 00:00:00,Tamaulipas,10.39,1,27.8,68.5,13.1,2000,1191.9,OK
WT-008,2026-01-15 01:00:00,Tamaulipas,12.08,17,21.6,65.0,14.62,2000,2000.0,WARN
WT-008,2026-01-15 02:00:00,Tamaulipas,4.85,237,28.0,49.1,5.39,2000,101.2,OK
WT-008,2026-01-15 03:00:00,Tamaulipas,8.42,86,25.6,58.2,9.65,2000,739.3,OK
WT-008,2026-01-15 04:00:00,Tamaulipas,5.51,247,22.4,44.6,7.25,2000,292.7,OK
WT-008,2026-01-15 05:00:00,Tamaulipas,9.25,200,20.5,56.5,8.71,2000,820.8,OK
WT-008,2026-01-15 06:00:00,Tamaulipas,11.52,188,16.7,57.1,15.57,2000,1843.2,OK
WT-008,2026-01-15 07:00:00,Tamaulipas,6.09,144,30.2,55.5,7.32,2000,234.4,OK
WT-008,2026-01-15 08:00:00,Tamaulipas,6.47,359,21.4,49.8,8.73,2000,328.0,OK
WT-008,2026-01-15 09:00:00,Tamaulipas,6.36,157,24.5,51.4,7.56,2000,232.3,OK
WT-008,2026-01-15 10:00:00,Tamaulipas,7.41,132,33.1,64.1,8.56,2000,506.7,OK
WT-008,2026-01-15 11:00:00,Tamaulipas,9.5,69,22.9,53.7,11.96,2000,1008.5,OK
WT-008,2026-01-15 12:00:00,Tamaulipas,9.94,346,29.7,68.9,11.78,2000,1258.6,OK
WT-008,2026-01-15 13:00:00,Tamaulipas,12.16,319,33.0,76.0,14.52,2000,2000.0,WARN
WT-008,2026-01-15 14:00:00,Tamaulipas,9.17,279,23.2,55.7,10.98,2000,959.6,OK
WT-008,2026-01-15 15:00:00,Tamaulipas,7.81,52,32.7,58.4,8.87,2000,448.3,OK
WT-008,2026-01-15 16:00:00,Tamaulipas,8.74,145,25.7,57.5,11.81,2000,820.2,OK
WT-008,2026-01-15 17:00:00,Tamaulipas,11.35,349,26.4,67.3,13.49,2000,1673.8,OK
WT-008,2026-01-15 18:00:00,Tamaulipas,9.98,273,24.2,57.9,12.34,2000,1114.2,OK
WT-008,2026-01-15 19:00:00,Tamaulipas,7.94,141,19.9,55.5,9.07,2000,621.8,OK
WT-008,2026-01-15 20:00:00,Tamaulipas,7.81,20,27.9,58.9,8.62,2000,529.7,OK
WT-008,2026-01-15 21:00:00,Tamaulipas,9.1,300,26.2,59.7,11.0,2000,776.1,OK
WT-008,2026-01-15 22:00:00,Tamaulipas,4.09,357,30.1,47.7,4.75,2000,129.1,OK
WT-008,2026-01-15 23:00:00,Tamaulipas,9.84,284,24.7,54.5,13.02,2000,1113.6,OK
WT-008,2026-01-16 00:00:00,Tamaulipas,9.87,51,26.7,58.1,11.41,2000,1113.6,OK
WT-008,2026-01-16 01:00:00,Tamaulipas,9.94,195,33.0,69.4,12.1,2000,1109.4,OK
WT-008,2026-01-16 02:00:00,Tamaulipas,7.35,292,29.7,58.5,7.91,2000,534.0,OK
WT-008,2026-01-16 03:00:00,Tamaulipas,11.65,304,30.9,73.1,13.81,2000,1827.0,OK
WT-008,2026-01-16 04:00:00,Tamaulipas,5.6,292,40.7,64.4,6.13,2000,270.3,OK
WT-008,2026-01-16 05:00:00,Tamaulipas,9.72,17,28.8,64.3,11.44,2000,1096.1,OK
WT-008,2026-01-16 06:00:00,Tamaulipas,8.75,73,30.2,62.5,10.11,2000,779.6,OK
WT-008,2026-01-16 07:00:00,Tamaulipas,8.36,37,30.9,61.7,10.17,2000,758.6,OK
WT-008,2026-01-16 08:00:00,Tamaulipas,8.65,192,34.5,63.0,9.8,2000,703.3,OK
WT-008,2026-01-16 09:00:00,Tamaulipas,9.62,177,25.6,62.6,11.67,2000,1034.3,OK
WT-008,2026-01-16 10:00:00,Tamaulipas,9.37,46,20.8,54.3,11.43,2000,950.1,OK
WT-008,2026-01-16 11:00:00,Tamaulipas,4.0,118,26.1,51.6,4.7,2000,126.3,OK
WT-008,2026-01-16 12:00:00,Tamaulipas,8.19,123,33.9,60.9,10.44,2000,616.7,OK
WT-008,2026-01-16 13:00:00,Tamaulipas,2.5,280,30.0,47.0,2.6,2000,8.5,OK
WT-008,2026-01-16 14:00:00,Tamaulipas,7.57,293,23.6,50.6,8.95,2000,551.8,OK
WT-008,2026-01-16 15:00:00,Tamaulipas,8.44,247,34.8,66.7,9.49,2000,649.4,OK
WT-008,2026-01-16 16:00:00,Tamaulipas,7.52,342,29.7,62.0,8.47,2000,449.7,OK
WT-008,2026-01-16 17:00:00,Tamaulipas,11.73,145,28.4,67.7,13.63,2000,1910.6,OK
WT-008,2026-01-16 18:00:00,Tamaulipas,13.52,224,31.1,82.1,16.75,2000,2000.0,WARN
WT-008,2026-01-16 19:00:00,Tamaulipas,5.3,355,25.2,47.1,6.85,2000,158.3,OK
WT-008,2026-01-16 20:00:00,Tamaulipas,12.05,312,34.8,77.7,12.45,2000,2000.0,WARN
WT-008,2026-01-16 21:00:00,Tamaulipas,8.96,174,24.9,56.2,10.58,2000,909.8,OK
WT-008,2026-01-16 22:00:00,Tamaulipas,10.08,290,32.3,70.4,12.25,2000,1076.4,OK
WT-008,2026-01-16 23:00:00,Tamaulipas,17.61,345,31.0,96.8,20.75,2000,2000.0,WARN
WT-008,2026-01-17 00:00:00,Tamaulipas,11.13,237,28.6,71.4,13.22,2000,1602.1,OK
WT-008,2026-01-17 01:00:00,Tamaulipas,7.46,93,19.3,46.3,9.49,2000,406.2,OK
WT-008,2026-01-17 02:00:00,Tamaulipas,11.35,38,25.8,67.8,13.68,2000,1690.8,OK
WT-008,2026-01-17 03:00:00,Tamaulipas,12.85,147,29.7,81.1,17.46,2000,2000.0,WARN
WT-008,2026-01-17 04:00:00,Tamaulipas,9.11,57,27.8,61.2,10.91,2000,982.3,OK
WT-008,2026-01-17 05:00:00,Tamaulipas,5.67,229,18.8,41.6,7.23,2000,214.2,OK
WT-008,2026-01-17 06:00:00,Tamaulipas,6.86,212,32.0,52.6,9.33,2000,356.4,OK
WT-008,2026-01-17 07:00:00,Tamaulipas,10.25,242,25.6,65.2,12.41,2000,1197.7,OK
WT-008,2026-01-17 08:00:00,Tamaulipas,7.03,59,26.7,53.4,8.83,2000,308.5,OK
WT-008,2026-01-17 09:00:00,Tamaulipas,11.76,31,25.0,69.5,14.57,2000,1810.3,OK
WT-008,2026-01-17 10:00:00,Tamaulipas,8.22,176,30.6,60.3,10.06,2000,684.4,OK
WT-008,2026-01-17 11:00:00,Tamaulipas,11.14,270,25.0,68.0,13.72,2000,1592.8,OK
WT-008,2026-01-17 12:00:00,Tamaulipas,12.17,248,24.5,69.9,13.67,2000,2000.0,WARN
WT-008,2026-01-17 13:00:00,Tamaulipas,4.7,319,27.4,49.0,5.85,2000,191.6,OK
WT-008,2026-01-17 14:00:00,Tamaulipas,3.72,310,31.0,48.4,4.31,2000,94.6,OK
WT-008,2026-01-17 15:00:00,Tamaulipas,9.41,260,25.9,61.0,11.96,2000,954.4,OK
WT-008,2026-01-17 16:00:00,Tamaulipas,12.03,318,25.5,67.9,14.22,2000,2000.0,WARN
WT-008,2026-01-17 17:00:00,Tamaulipas,7.26,312,22.7,46.9,8.18,2000,487.1,OK
WT-008,2026-01-17 18:00:00,Tamaulipas,9.21,2,29.7,61.2,11.07,2000,920.0,OK
WT-008,2026-01-17 19:00:00,Tamaulipas,5.6,298,26.1,48.1,6.56,2000,171.1,OK
WT-008,2026-01-17 20:00:00,Tamaulipas,9.03,195,24.5,55.0,12.34,2000,865.1,OK
WT-008,2026-01-17 21:00:00,Tamaulipas,7.67,126,30.1,59.2,8.75,2000,424.6,OK
WT-008,2026-01-17 22:00:00,Tamaulipas,4.86,52,32.5,55.8,5.89,2000,122.0,OK
WT-008,2026-01-17 23:00:00,Tamaulipas,5.69,21,22.5,49.1,6.65,2000,253.9,OK
WT-008,2026-01-18 00:00:00,Tamaulipas,11.25,274,32.5,71.0,13.45,2000,1704.9,OK
WT-008,2026-01-18 01:00:00,Tamaulipas,6.94,227,30.2,57.2,7.56,2000,305.5,OK
WT-008,2026-01-18 02:00:00,Tamaulipas,8.83,77,27.2,59.0,11.32,2000,882.4,OK
WT-008,2026-01-18 03:00:00,Tamaulipas,12.02,127,22.2,62.3,16.39,2000,2000.0,WARN
WT-008,2026-01-18 04:00:00,Tamaulipas,9.49,126,25.8,58.2,11.2,2000,995.3,OK
WT-008,2026-01-18 05:00:00,Tamaulipas,12.27,138,22.1,63.7,14.79,2000,2000.0,WARN
